,0,1
0,Enterocyte.Immature.Distal,20.386336254599726
1,Enterocyte.Mature.Proximal,20.40674924282709
2,Enterocyte.Progenitor.Early,21.532205858553162
3,Goblet,22.23718585994035
4,Stem,17.15068484101846
5,TA.,23.136091825927345
6,TA.Early,17.613463950477424
7,Enterocyte.Immature.Distal,18.459640914730734
8,Enterocyte.Mature.Proximal,18.472923843432827
9,Enterocyte.Progenitor.Early,19.510539731348114
10,Goblet,20.146414286705134
11,Stem,15.546568198407376
12,TA.,20.967046406673482
13,TA.Early,15.958349348600098
14,Enterocyte.Immature.Distal,16.77660240534492
15,Enterocyte.Mature.Proximal,16.796089288604257
16,Enterocyte.Progenitor.Early,17.71974631817446
17,Goblet,18.293281060603558
18,Stem,14.124602422292757
19,TA.,19.050489510202993
20,TA.Early,14.49213060365755
21,Enterocyte.Immature.Distal,15.327412333400359
22,Enterocyte.Mature.Proximal,15.33701419554713
23,Enterocyte.Progenitor.Early,16.17757727787668
24,Goblet,16.705447351298506
25,Stem,12.894993245720363
26,TA.,17.394256987222953
27,TA.Early,13.229537546528563
28,Enterocyte.Immature.Distal,14.074471858902996
29,Enterocyte.Mature.Proximal,14.098877534506277
30,Enterocyte.Progenitor.Early,14.863600501699302
31,Goblet,15.354591423881415
32,Stem,11.852026779315059
33,TA.,15.994046802051045
34,TA.Early,12.145093259427092
35,Enterocyte.Immature.Distal,13.053663353064552
36,Enterocyte.Mature.Proximal,13.074815619725799
37,Enterocyte.Progenitor.Early,13.7987032691374
38,Goblet,14.246575794907704
39,Stem,10.99474520347061
40,TA.,14.832548382537015
41,TA.Early,11.28172287182392
42,Enterocyte.Immature.Distal,12.2541975835389
43,Enterocyte.Mature.Proximal,12.293077936790512
44,Enterocyte.Progenitor.Early,12.964931623240005
45,Goblet,13.385941850441425
46,Stem,10.328631209726161
47,TA.,13.93321806609156
48,TA.Early,10.596374817931704
49,Enterocyte.Immature.Distal,11.688335041628454
50,Enterocyte.Mature.Proximal,11.735385406792592
51,Enterocyte.Progenitor.Early,12.36623037708367
52,Goblet,12.772689590482575
53,Stem,9.854312335065115
54,TA.,13.293546331900005
55,TA.Early,10.108836381291471
56,Enterocyte.Immature.Distal,11.354032312116145
57,Enterocyte.Mature.Proximal,11.38858865281021
58,Enterocyte.Progenitor.Early,12.01251213788639
59,Goblet,12.41466322732362
60,Stem,9.568518781521348
61,TA.,12.907182555859883
62,TA.Early,9.815630563197928
