,0,1
0,4.8209825,3.383824
1,4.7842035,3.4908898
2,4.912446,3.4451637
3,4.9442973,3.5384707
4,5.418113,3.9093978
5,4.968413,3.9797075
6,-7.2955656,1.3778183
7,7.851233,6.2101655
8,4.806322,3.9541728
9,-7.4137383,1.2608887
10,5.226841,3.6004603
11,4.9091306,3.5966778
12,4.7758145,3.7693167
13,4.7452507,3.7722342
14,-7.5366664,2.1839154
15,5.327772,3.941559
16,7.9800158,6.335795
17,5.356427,3.9922574
18,5.0907884,3.592954
19,4.6918325,4.109159
20,-7.4668274,2.278784
21,7.40694,5.706743
22,4.975911,3.6783345
23,4.979069,3.6604505
24,4.3565435,3.6885927
25,4.8621373,3.7096004
26,5.056405,3.811562
27,-7.60755,2.716333
28,7.3843775,5.7804265
29,15.899625,11.60102
30,-7.7428074,2.8307161
31,-7.5047464,4.518543
32,7.563537,5.796562
33,5.5122533,3.9884164
34,5.0302277,3.6655796
35,7.8441095,6.040422
36,5.053539,3.8196828
37,4.482305,3.721558
38,7.7497005,6.1798954
39,-7.750639,2.7939308
40,5.4282928,4.0802283
41,5.1324706,3.7752314
42,5.377455,3.8522995
43,-7.442517,1.6364335
44,7.1871505,5.5397916
45,-7.8151364,2.8190415
46,4.280336,4.1806154
47,-7.486675,1.5944021
48,7.602685,5.8848004
49,7.8615565,6.174927
50,5.199039,3.7218337
51,4.6069565,3.6154137
52,4.5854244,3.740312
53,5.302801,3.7175004
54,-7.39144,1.7957388
55,7.8249655,6.2567344
56,5.555218,4.4770064
57,5.5562334,3.8609295
58,5.751607,4.443763
59,7.0862856,5.6234326
60,4.6848736,3.7564533
61,-6.953045,6.332106
62,4.729784,3.6858726
63,3.933046,4.1733108
64,4.88484,3.727978
65,-7.342317,1.4830347
66,4.913518,3.7945755
67,-7.639408,2.314658
68,-7.348262,1.3276583
69,7.881886,6.291661
70,4.6397314,3.9542913
71,-7.5287404,1.7580891
72,-6.9428964,1.3647093
73,4.1324697,4.2114563
74,4.7663374,4.2801366
75,-7.472256,1.7202958
76,4.4618297,4.5323796
77,5.144076,4.2705975
78,4.477917,3.9503682
79,4.465721,4.0027633
80,5.3256497,4.3246045
81,5.1681147,4.410504
82,3.6362834,4.243072
83,4.8988714,4.298866
84,5.0259643,3.4917188
85,17.113026,10.934535
86,5.0344954,4.141575
87,4.8772016,4.8138123
88,5.41475,4.2176204
89,7.6133113,5.9540143
90,3.9174452,4.106371
91,-7.6650534,2.9199986
92,5.3211794,4.591512
93,4.7927294,4.0757036
94,4.241889,4.272177
95,3.7504256,4.5894814
96,5.395196,4.3363776
97,4.477116,3.8501098
98,4.2291126,3.8658955
99,4.413277,3.953591
100,3.8236115,4.479697
101,4.0545197,4.2597504
102,3.9241397,3.9907188
103,4.9569755,4.131607
104,7.627743,6.2586102
105,-7.112995,1.5082291
106,7.2558637,5.761868
107,4.338998,4.362701
108,4.5007706,4.4747343
109,-7.6692443,2.780771
110,7.398523,5.8207927
111,-7.326545,1.7406071
112,5.4752884,4.303467
113,5.1164846,4.2567596
114,4.3964944,4.237917
115,4.386649,3.8728697
116,5.2886147,4.518354
117,4.11809,4.370745
118,4.2147465,3.9869764
119,3.931352,4.1020474
120,4.808619,4.3162117
121,3.8731785,4.063843
122,6.892869,5.3901615
123,4.854991,4.6955996
124,4.205449,4.538607
125,6.852526,5.363467
126,4.452442,3.7731106
127,-6.9026194,1.3431972
128,-7.2138624,1.8496573
129,3.5271213,4.0514317
130,4.3647976,4.9500866
131,4.7846603,4.400206
132,4.9910727,4.579699
133,3.7294214,4.768533
134,4.5501204,4.3751388
135,-7.2744713,2.955543
136,4.2560825,4.444584
137,3.3530998,4.4530954
138,4.055978,4.288017
139,-7.501977,2.0131705
140,3.9692988,4.557974
141,4.0359354,4.6570477
142,4.423495,4.6670513
143,-6.801514,2.1178732
144,7.7022147,6.488248
145,4.3753953,4.397333
146,-7.152464,1.6311986
147,4.1661925,4.9723167
148,-7.086425,1.631595
149,3.889744,4.6585
150,-7.2397485,1.6171228
151,3.9537334,4.844552
152,3.8854232,3.9221067
153,4.071257,5.3319817
154,4.041802,4.15672
155,4.077894,4.832858
156,7.5571623,6.457083
157,-7.095417,5.11994
158,3.9104648,4.5787125
159,4.664446,4.902301
160,3.2535558,4.6463294
161,-7.5366316,1.8142364
162,-7.316551,2.83839
163,5.040052,4.957022
164,7.405972,7.08517
165,3.4521472,5.0807786
166,-5.5093307,2.327034
167,3.442096,4.710997
168,3.4460633,4.6692295
169,-7.4883413,3.049998
170,4.3416486,3.846855
171,3.702444,4.7146416
172,-5.8017325,1.52104
173,-6.852471,1.7693704
174,4.0304856,4.292905
175,4.4845386,4.9289536
176,3.7109728,5.0518413
177,4.0910387,4.075811
178,-6.1777616,1.2071781
179,4.545229,5.026349
180,-6.3321123,1.3922682
181,-7.2033377,1.6613048
182,3.8946657,5.105555
183,4.080423,5.419922
184,3.2393122,4.985221
185,3.549567,5.0438504
186,3.2563388,4.8762927
187,-6.5027833,4.440533
188,3.4617686,4.388957
189,4.935308,4.8073683
190,4.6295443,5.166114
191,4.114918,5.0160503
192,-6.782592,2.5220275
193,-7.2075577,1.9136142
194,-7.3503785,2.9159265
195,3.573778,4.3800554
196,7.127628,6.830926
197,-6.8061824,1.9336718
198,-6.8448634,2.4117465
199,4.461967,4.9267893
200,3.2366421,5.2251782
201,3.9322846,5.3123107
202,7.302914,6.1556764
203,3.5081832,5.4407578
204,-7.7616878,1.9019502
205,-6.394238,1.6167
206,3.3262913,5.372874
207,5.019119,4.1626234
208,-7.3029695,3.193507
209,-6.8681498,2.8073168
210,3.1609337,5.405811
211,-7.070021,3.0834522
212,3.6069553,4.9166093
213,4.161847,4.685937
214,3.7735255,4.83255
215,3.5050817,5.065582
216,-6.473827,1.998813
217,3.3161566,5.0471187
218,3.2555828,5.792872
219,3.4651794,4.573455
220,-6.7810626,1.9813908
221,3.472604,5.4492116
222,3.2943332,4.975228
223,3.1983948,5.1012254
224,4.1132526,5.1699696
225,3.707923,4.565942
226,7.0942497,7.0043693
227,2.8575048,4.9531174
228,2.9469788,5.140804
229,3.2493062,5.4487767
230,3.0283349,5.205818
231,4.020206,4.899635
232,3.0172467,4.890008
233,4.087915,5.6917334
234,3.7723653,5.134607
235,-7.1679015,3.1851218
236,3.973597,5.7686625
237,4.338502,5.6763625
238,-6.1153836,1.4886712
239,-6.3926363,1.3031104
240,3.7176569,5.405991
241,3.3264246,4.8100176
242,-6.72274,4.4357514
243,3.8931947,5.3784733
244,4.6177964,4.6922193
245,4.015489,5.226814
246,4.2678895,5.7192216
247,-5.463287,1.5348047
248,4.3241286,5.3053746
249,3.9418402,4.0252767
250,7.038741,5.735619
251,3.4250543,4.8312726
252,3.0663085,5.6081514
253,-5.738193,1.670553
254,3.403983,5.0121226
255,-5.4961433,1.4033657
256,-5.8475866,2.030664
257,3.1586928,5.1198783
258,17.756,10.45435
259,4.778802,5.1283393
260,-5.550371,1.5534198
261,3.5272655,6.2492585
262,3.94097,5.723
263,4.2450933,5.5124083
264,3.1545355,5.6058016
265,-6.519809,2.3600638
266,-5.0385895,2.4205823
267,-6.594825,2.8394194
268,3.6571734,4.7916145
269,-4.948681,2.617446
270,3.8605444,5.728908
271,-7.1623325,3.317097
272,-5.7674356,1.3258059
273,3.8877337,5.7647758
274,-5.03202,3.2132087
275,3.0063937,5.443004
276,3.5823333,5.7678127
277,3.6440766,5.794374
278,2.9295774,5.8759317
279,3.7519476,6.4870768
280,2.9458141,6.1030536
281,-7.05331,3.1079931
282,2.7575524,5.4279146
283,-6.058094,2.0563147
284,-6.3754153,2.3081353
285,3.0142453,5.498497
286,3.725909,5.8318286
287,-6.153801,2.1757298
288,-5.542064,1.1455023
289,3.2601752,5.406348
290,3.1637764,5.8119483
291,-5.807725,1.4882576
292,3.297328,5.6050878
293,3.0086136,5.6069393
294,-4.4208026,2.5790482
295,2.9380283,5.4683995
296,3.7528052,5.95906
297,2.9234388,6.1106358
298,2.8946192,5.406096
299,3.5751975,6.195583
300,-5.177687,1.041543
301,-4.90487,0.9977868
302,-5.436903,1.0056256
303,3.4402668,6.033232
304,2.9688375,5.8062534
305,-4.9455624,1.1529424
306,3.0530224,5.6888556
307,3.1946847,5.9577885
308,3.2298992,5.4528303
309,3.0793035,6.1838255
310,3.1262958,5.017314
311,2.639484,5.775907
312,3.5420675,6.0678773
313,-5.77698,0.86170506
314,-6.0711765,2.2496204
315,-6.803825,4.1086993
316,-6.6302967,2.9976115
317,-6.6150904,2.5763521
318,-6.5609336,2.9993076
319,2.9230628,6.2539845
320,-5.486029,1.1437371
321,7.1767592,6.945857
322,-6.5685105,2.5346186
323,3.8315003,5.6909404
324,3.3310213,6.3667145
325,-6.5491505,2.5690768
326,7.457955,6.8311806
327,3.5713172,5.7625585
328,3.5883954,6.575507
329,2.808229,5.783154
330,2.8939302,5.784899
331,6.721959,7.0960097
332,-5.6089787,2.2691588
333,3.1632874,6.0386324
334,3.4412596,6.4401517
335,3.150435,6.117361
336,3.4672296,5.669515
337,-5.0537996,1.2489526
338,3.3807254,6.092317
339,-6.2931404,2.3847973
340,2.8680205,5.51433
341,3.0034206,5.0687757
342,3.059819,6.690543
343,3.0461583,6.443838
344,2.8955827,5.3737397
345,3.3502543,6.351132
346,-6.3437414,3.0690484
347,3.1749256,6.529614
348,-5.203227,1.3371049
349,2.7677798,6.303638
350,3.0871968,6.45343
351,2.8141615,6.210544
352,2.8816407,6.233569
353,3.6129074,5.9614754
354,-4.8402185,1.1059735
355,5.2053356,6.158439
356,3.6532884,6.710196
357,4.0492125,7.104781
358,3.2969742,6.747379
359,3.560539,6.333396
360,2.7993422,6.643115
361,-5.2025476,1.5287125
362,-6.4712644,2.7335634
363,2.9052148,6.320992
364,3.4679828,6.6296444
365,2.6388192,6.0519133
366,-5.847176,1.7008448
367,-5.9929934,2.4917579
368,3.8444111,6.238002
369,3.0023632,6.3605866
370,3.6497688,6.428144
371,-5.8807178,2.4330585
372,18.28828,6.767676
373,-6.418015,2.8724296
374,3.0189593,6.738858
375,3.177252,6.0013742
376,-4.6834702,1.3884362
377,2.7048643,6.62615
378,3.5973823,6.7298546
379,-4.447509,1.1188029
380,-6.111725,2.7706792
381,-4.8003244,2.9696753
382,-4.5002666,1.2432848
383,2.5239542,6.79918
384,2.7852097,6.315693
385,17.75067,6.3334093
386,-5.144062,1.6261919
387,-6.3314233,2.785808
388,2.9258316,7.187199
389,3.445602,6.579156
390,7.1304526,6.6936455
391,-6.0767827,3.2481062
392,3.282469,7.554335
393,3.2467313,6.542227
394,2.5563886,6.944859
395,7.0368905,7.3022065
396,2.7223268,6.664468
397,2.6882758,7.06763
398,3.0677922,6.793617
399,2.8737028,7.185165
400,-6.446025,2.8431175
401,3.3829167,6.576525
402,2.804258,7.0740104
403,2.975434,6.750002
404,3.757451,7.0871983
405,3.153221,6.352049
406,2.964788,6.8639507
407,-4.9207096,1.4339418
408,3.9978309,7.6823044
409,-5.5991607,5.0995765
410,2.8674397,7.143197
411,3.1398253,6.9182453
412,2.676465,6.6745915
413,3.1761286,7.2240477
414,2.403297,6.9552207
415,3.7393417,7.00809
416,3.919902,6.712012
417,7.058159,7.1818576
418,2.9774387,7.0051594
419,2.8077984,6.4812164
420,-4.677846,1.3789054
421,3.195431,7.5399485
422,3.3662837,7.0321045
423,2.6879642,6.738587
424,3.2756982,7.2915215
425,6.6742067,8.117098
426,-6.1967826,3.075773
427,-4.341788,2.6587908
428,-5.531505,2.575258
429,-4.8323073,1.7139444
430,-4.5525856,1.7148299
431,17.978933,6.5619507
432,3.3905618,7.0905895
433,-4.557778,1.3110149
434,6.8164577,7.498412
435,-4.5242176,1.2473799
436,2.9306214,7.01115
437,4.1011934,7.935339
438,2.7084785,7.352063
439,2.760518,6.75221
440,-5.3755803,2.4650176
441,-5.288621,6.1497617
442,3.0798974,7.192573
443,-5.5801415,2.7504444
444,2.8859284,7.33153
445,3.2947671,6.7939477
446,2.7978768,7.907149
447,3.5847356,7.335581
448,3.0998313,7.263419
449,-5.917804,2.8430865
450,-4.452956,1.1477512
451,3.147598,7.0789094
452,-4.593342,3.8716373
453,-4.3113337,1.2677202
454,2.454533,7.3526297
455,2.8060093,7.685887
456,-4.3614297,1.2961802
457,2.7855787,7.565672
458,2.4220698,7.4707465
459,-5.038021,1.8797684
460,-3.650314,2.7548578
461,2.722912,7.256339
462,3.2878222,6.9907827
463,18.069542,6.591925
464,4.7867537,7.308383
465,-4.66242,2.1877363
466,2.4728508,7.404639
467,2.7628129,7.65662
468,-4.119644,1.4166238
469,2.8736825,7.072861
470,3.462403,7.069583
471,2.3692315,7.4718385
472,3.6207414,8.194091
473,3.710558,7.449964
474,3.0948792,7.3892198
475,2.8200126,7.359527
476,-3.8239334,2.8889446
477,3.4949186,7.938566
478,3.645959,7.6059833
479,2.7357645,7.6075716
480,3.740504,7.4694824
481,-4.0395727,1.0529189
482,2.736767,7.3537545
483,2.933319,7.808653
484,-3.9082978,1.7393985
485,-4.1841645,1.5679567
486,-4.245139,1.1315944
487,-4.44413,1.7945051
488,-5.47366,2.9962778
489,2.4480488,7.9314394
490,-4.2744894,1.7269499
491,3.48367,7.661114
492,2.7118156,7.849819
493,2.5392253,7.564938
494,-5.767337,2.6886082
495,2.5695999,7.606531
496,2.5058653,8.042653
497,2.9313033,7.8174567
498,3.187268,8.204599
499,-4.0750394,2.105305
500,3.6492887,7.854713
501,-3.938807,1.3818171
502,-3.9690294,1.1569792
503,-4.166478,2.91587
504,-4.169135,1.2308271
505,6.6342525,8.251827
506,2.6876266,7.955981
507,3.1753764,7.393928
508,2.6069775,7.8283443
509,2.538383,7.83509
510,2.5255678,7.8932014
511,3.1853185,7.4526157
512,-3.778768,1.5896657
513,-3.6740623,1.2480394
514,3.3519204,7.6247587
515,3.755953,8.224107
516,-4.481787,1.1131386
517,-4.027185,1.4179463
518,2.990628,7.8375854
519,2.8565104,7.7611494
520,2.6282508,8.170305
521,2.8895464,7.851592
522,-3.8617926,1.1584727
523,-3.4422095,2.9054139
524,-3.916099,1.1396506
525,2.798969,8.086918
526,-3.7521503,1.3627832
527,-3.8088176,1.9987488
528,2.5274854,7.714104
529,2.8784966,8.121968
530,3.6408393,8.041399
531,3.1674922,8.402281
532,-3.961778,3.0151827
533,-4.8523326,5.3261633
534,3.8963575,8.558753
535,4.1200514,8.22312
536,2.6029847,7.5864816
537,2.5315502,8.176745
538,3.2363696,8.096728
539,-3.4829965,2.415611
540,2.8010986,8.176149
541,2.753382,8.270129
542,2.5015223,7.970331
543,-4.0778546,1.6235262
544,2.3574114,8.0308895
545,-8.629805,2.0182283
546,3.3846207,8.615418
547,2.4311647,7.8068595
548,6.432217,8.490682
549,2.7204297,8.206066
550,2.6868336,8.156494
551,2.8713522,8.448215
552,2.9076958,8.262629
553,3.1094363,8.28091
554,-4.0160108,3.387733
555,-3.9624846,2.187569
556,-3.7076356,1.3255186
557,-2.6681185,3.2475233
558,-3.958905,3.4808257
559,-4.092401,1.8647048
560,3.0768206,8.356509
561,2.9833984,8.29205
562,2.9980636,8.443528
563,2.9238734,7.9403214
564,3.0051205,8.279786
565,2.455629,8.247883
566,-3.7194204,1.4072978
567,3.0172832,7.8994346
568,-3.7333274,1.3396509
569,2.994805,8.236253
570,3.2251074,8.143212
571,-4.4718857,3.2313995
572,-3.8353481,1.8466448
573,3.590158,8.829024
574,-3.7632127,2.1180975
575,-4.4393992,3.669108
576,2.7959204,8.3546715
577,3.226847,8.297772
578,-3.8483536,1.7689855
579,3.1416724,8.440096
580,2.7584317,8.322786
581,3.4874625,8.32564
582,-3.0564518,3.0551608
583,-4.8763885,2.8429852
584,-3.7381902,1.9961185
585,-3.6733916,2.1315453
586,-3.7134168,2.5564408
587,3.0309398,8.738456
588,3.6072721,8.140888
589,3.0933046,8.630898
590,-2.9794145,3.0576727
591,-3.299779,3.006369
592,-4.89151,3.4532123
593,2.702193,8.503697
594,-3.8479936,1.9787252
595,-3.0978136,2.894584
596,3.0531716,8.73085
597,-3.2105958,2.7958765
598,-8.370443,8.295588
599,16.893524,12.67908
600,16.383186,11.806988
601,16.495125,12.6223545
602,16.332312,12.264757
603,16.630424,12.007259
604,-7.6562953,6.8376946
605,16.497892,12.129247
606,9.164433,7.380545
607,16.315752,11.753679
608,16.591152,12.698904
609,16.49539,12.420649
610,16.449726,12.335331
611,16.736414,12.494911
612,16.405415,10.782403
613,16.319757,12.264971
614,16.631458,12.515616
615,16.720657,11.483969
616,16.678787,11.391308
617,16.39135,11.879885
618,17.22388,12.436676
619,16.605045,11.243032
620,16.629238,11.403984
621,17.012653,11.597039
622,17.007717,12.644577
623,16.488703,10.234262
624,-7.9301977,8.3038025
625,16.636211,10.616534
626,16.463375,11.225107
627,-7.739105,4.6382036
628,17.17975,13.13318
629,16.475283,11.047895
630,17.242268,11.188518
631,-7.7756834,8.459661
632,-7.2509613,7.1229405
633,16.66874,10.713207
634,16.652979,11.051312
635,16.650372,10.787507
636,-3.0489001,8.566398
637,-8.177195,7.8534827
638,16.54854,10.702026
639,-7.3561726,8.502283
640,16.767014,10.890575
641,16.952461,11.25488
642,-7.468969,4.924524
643,16.599716,10.833868
644,16.512676,10.959247
645,-7.941287,7.7154894
646,15.928767,11.380127
647,-8.06571,8.4509
648,16.77552,11.364334
649,16.519583,11.692598
650,-8.28855,8.512093
651,16.62034,10.576537
652,17.182354,12.864822
653,17.555227,10.930667
654,17.53468,12.215098
655,-7.3080034,5.7551613
656,16.448275,10.355268
657,-8.198961,7.6940455
658,-8.1028805,7.8175926
659,-7.1013374,6.4155273
660,16.889973,10.802892
661,-7.900507,7.6509743
662,-8.355495,2.1223927
663,17.534437,11.464855
664,16.752975,10.339725
665,16.484327,10.229418
666,14.449322,11.653241
667,15.802936,11.518069
668,16.462835,9.979599
669,-7.6748705,7.5776305
670,-7.3007483,8.653797
671,17.77259,11.488994
672,-7.85944,8.789895
673,17.386906,11.76207
674,17.025808,10.751528
675,17.21475,10.566033
676,-7.784129,7.8394
677,16.820364,10.115514
678,16.638931,10.18171
679,17.080978,10.444979
680,-7.2489386,8.393399
681,16.8251,10.165078
682,16.731842,10.499972
683,-7.583847,6.9082384
684,-7.442341,8.800907
685,17.309566,11.151917
686,14.646739,11.599296
687,-7.7645884,7.754855
688,17.102463,10.468645
689,16.953226,10.359333
690,17.065155,10.536299
691,-7.784181,8.589096
692,16.904356,9.840872
693,-8.408398,2.0293674
694,17.115137,10.0693865
695,17.383442,9.547771
696,17.003923,9.903013
697,17.09689,10.592656
698,16.786787,10.386953
699,17.62907,10.704612
700,-6.781567,5.3575544
701,16.905712,10.95726
702,14.608688,11.7223425
703,-7.2301207,8.741182
704,17.25483,9.671915
705,-7.653163,8.330617
706,16.78401,9.307089
707,18.125345,6.631315
708,-7.1663804,6.5394225
709,16.936954,11.459603
710,17.153387,10.5218315
711,16.428404,11.452261
712,-7.2316246,8.301636
713,18.211739,10.932055
714,-7.818286,8.973421
715,16.728554,10.034726
716,14.473576,11.510018
717,-6.835792,8.329829
718,17.098942,10.347137
719,-6.630471,5.225872
720,-8.141008,7.724085
721,-6.929123,5.521095
722,16.473625,9.933557
723,-6.9985948,7.4306383
724,-6.8695893,6.0861425
725,18.830278,11.123452
726,-7.129727,7.442197
727,-7.0857067,7.900564
728,17.226738,10.464786
729,18.102552,11.180001
730,17.65006,10.403097
731,-7.9741726,9.135548
732,17.303728,10.302197
733,17.396212,10.460819
734,-7.1768503,9.056987
735,15.015487,11.517009
736,-7.221159,8.372779
737,17.264374,8.799872
738,17.163897,10.119382
739,14.594967,11.465043
740,-6.3728437,5.9619913
741,17.063757,10.410089
742,-6.990728,8.934436
743,-7.147292,8.927792
744,-5.7947288,7.8411417
745,18.37802,10.8857155
746,16.714123,8.951849
747,-5.5592403,9.600497
748,8.9282675,7.641101
749,-7.005868,8.318188
750,17.157701,9.052467
751,-7.1508155,8.296768
752,17.590733,10.107856
753,18.025064,9.788079
754,-7.0708933,8.535541
755,18.044966,6.9407344
756,17.664736,9.462733
757,17.957535,10.424663
758,17.629894,9.375366
759,17.759613,9.046598
760,-5.5565333,7.6548543
761,-7.334458,7.8070683
762,17.734053,8.982788
763,17.37283,9.230432
764,17.475758,9.693859
765,17.32044,9.772606
766,18.039427,9.190814
767,17.357994,9.490081
768,-6.549029,6.96169
769,17.776638,9.618734
770,-6.6111965,8.486512
771,18.325632,9.678955
772,16.971203,9.060271
773,17.919004,9.47939
774,16.881985,8.215038
775,17.782993,8.91635
776,-7.9801135,9.131781
777,17.922789,8.74478
778,-8.0297,9.079838
779,17.375536,9.717123
780,-6.4404907,7.6535883
781,18.29663,9.13207
782,14.262783,11.44013
783,17.644892,8.952226
784,-6.4708157,5.0666337
785,14.2898,11.487881
786,17.824543,9.496063
787,-6.613586,6.277961
788,17.44886,8.734458
789,17.52209,8.786923
790,17.454037,8.59634
791,18.55503,10.082759
792,17.259146,9.850494
793,17.888067,9.896958
794,18.074757,9.637112
795,17.977861,9.523004
796,-6.465838,8.144679
797,-5.4686694,9.485997
798,-5.9710455,7.7095757
799,18.137589,8.536215
800,17.260948,10.089968
801,17.966457,8.97594
802,17.081707,8.675579
803,18.07163,10.199535
804,-5.78576,8.188607
805,17.54784,10.086994
806,18.287659,9.044507
807,-6.0041347,9.146485
808,17.70725,9.080465
809,8.237281,7.6750736
810,18.491814,8.819272
811,17.568651,9.188136
812,18.56022,10.147148
813,17.386492,9.580701
814,18.166237,8.232096
815,18.347202,8.83515
816,-5.002725,7.940522
817,18.494162,9.645166
818,18.663023,9.303093
819,17.482626,9.082016
820,-6.746945,8.886682
821,-5.3527737,9.473883
822,17.99607,8.881898
823,17.481161,9.5022
824,-6.9261317,7.644034
825,18.664562,9.726734
826,17.608557,9.790592
827,17.32851,9.416
828,-6.7887692,5.9795876
829,17.46357,8.697157
830,-4.373992,8.438655
831,15.813819,7.589332
832,-5.203455,9.862296
833,-7.4934525,9.11731
834,-5.703918,8.179411
835,-6.3943605,6.436879
836,18.202385,9.21497
837,14.609169,11.525929
838,18.652678,8.842228
839,-6.267793,8.808578
840,17.806087,8.737295
841,-5.154639,9.530243
842,-5.958105,8.428266
843,19.000366,9.636914
844,18.353664,8.459007
845,18.064457,8.551909
846,-5.510701,5.8225694
847,18.313658,8.505654
848,-6.763764,6.3972516
849,17.930798,9.88814
850,18.290306,8.701931
851,17.665846,8.825969
852,-5.915703,9.466786
853,17.42621,9.047405
854,-6.5957894,7.6416597
855,14.311727,11.560362
856,18.04,9.211202
857,17.893955,9.250525
858,-6.6337705,8.713888
859,-4.52895,9.152311
860,-5.0499606,9.213258
861,-5.5442104,10.437943
862,-6.013158,8.23437
863,-5.4321976,9.481901
864,-5.2312465,9.50247
865,18.153727,8.35714
866,17.967232,8.746021
867,-5.0307198,9.47882
868,17.886484,8.606789
869,18.50021,9.112748
870,-5.6185412,6.733138
871,17.71182,9.062273
872,15.837049,5.5072746
873,18.461718,9.382936
874,19.521238,9.568134
875,-8.574384,2.0589576
876,17.708582,9.063449
877,18.469643,8.325687
878,18.090565,9.270536
879,-5.6469517,9.665889
880,-6.0443134,7.069344
881,18.103626,6.723751
882,17.79806,6.6972747
883,17.789846,8.489206
884,18.03738,8.597689
885,18.01204,8.615713
886,-6.566348,9.358946
887,18.422762,9.719766
888,14.898999,11.440458
889,14.442943,11.68455
890,-5.845015,9.191779
891,17.994116,7.798873
892,19.534782,9.581093
893,18.65797,8.255601
894,18.447916,9.463124
895,18.401232,8.489557
896,-6.8311496,7.8413215
897,-5.7089562,10.016855
898,-5.4504676,9.743615
899,-4.491562,9.143347
900,-5.48636,8.076434
901,-7.061531,9.714626
902,18.020746,8.525185
903,18.455254,8.19254
904,-6.5650115,8.788044
905,18.570797,8.558475
906,18.757555,8.939446
907,17.744986,8.012297
908,16.38662,6.256289
909,-6.845765,9.287065
910,-5.052496,9.082306
911,-6.5789685,8.495517
912,18.4888,8.062593
913,-5.4057827,10.080122
914,-6.201781,9.480571
915,19.810596,8.618952
916,18.28466,8.417006
917,-5.479451,9.105652
918,17.310959,7.5069475
919,-4.9018145,9.214971
920,18.541117,8.272908
921,-4.906313,6.2068853
922,18.359062,8.435032
923,19.224798,8.239156
924,18.800335,8.495582
925,-4.6022496,8.800044
926,18.54666,8.068741
927,18.259027,6.735813
928,-6.5315514,7.586275
929,-5.379509,8.469521
930,-6.1584854,6.4038486
931,18.042953,8.29249
932,14.242957,11.6998
933,-6.5073895,9.360663
934,18.677935,8.520721
935,-5.1090736,8.549434
936,-6.307788,7.657617
937,-2.6283123,6.729034
938,-4.784416,9.653653
939,-6.2042603,6.8334317
940,18.797388,7.8878436
941,18.399223,8.349125
942,-5.7482643,9.437383
943,-5.2283673,7.795303
944,-5.4838657,7.1759753
945,-4.583348,9.22767
946,-5.993599,8.665648
947,-5.824836,8.985178
948,19.02537,8.687354
949,-5.30167,8.559554
950,18.223341,7.8788137
951,14.389622,11.63134
952,-6.117711,6.2276387
953,18.546766,8.390485
954,-6.7374454,8.327342
955,18.591183,8.447418
956,19.059301,8.241585
957,19.90683,8.631403
958,18.620739,8.14466
959,-4.8378158,9.414539
960,-6.153276,6.3587046
961,18.053223,8.277203
962,-5.57211,8.502241
963,-4.5693474,9.451533
964,19.175068,8.256609
965,-5.4525743,9.411976
966,-5.911506,9.823352
967,17.964516,6.316843
968,18.469902,7.9798837
969,-5.323807,9.46909
970,18.025518,6.3578115
971,-6.1821227,8.356897
972,-5.36664,9.329386
973,18.912113,8.559414
974,16.616589,6.9564724
975,18.99635,8.4478
976,-4.6877246,9.520093
977,-7.147606,9.37888
978,19.08008,9.227086
979,18.709402,8.45525
980,-5.6801033,7.2887764
981,-5.409227,10.363854
982,19.099972,7.9093757
983,18.66154,8.005315
984,-5.808688,9.885984
985,18.6537,8.275905
986,-5.8458614,7.621691
987,-4.7153163,9.502592
988,-5.6050916,8.776235
989,-4.8610654,8.436756
990,-5.492807,9.222625
991,18.313738,8.172738
992,-7.1604266,9.992306
993,-5.6795697,5.961368
994,-8.651718,1.9829382
995,19.204163,8.157031
996,-4.884833,9.524657
997,-6.028378,7.7364306
998,19.296883,7.919226
999,18.958883,7.7580414
1000,-6.656352,10.01004
1001,17.783455,7.983895
1002,18.490585,8.127985
1003,-6.143072,9.607454
1004,-6.054855,10.077908
1005,-3.9910963,7.926528
1006,18.306547,7.7053275
1007,-5.5966516,5.7062774
1008,18.549217,9.765076
1009,-5.559059,9.564958
1010,-6.1211042,6.423837
1011,-3.1815488,7.3234243
1012,17.66625,10.866836
1013,19.077904,8.316306
1014,-5.0087123,5.6507316
1015,-5.3854866,9.162139
1016,-5.7769713,10.039581
1017,17.62299,7.404695
1018,-4.8920107,9.099961
1019,18.68052,7.8297772
1020,-5.0277514,10.125237
1021,-5.7375193,8.994758
1022,-6.2470717,9.762296
1023,18.19846,6.577852
1024,18.941128,7.707422
1025,-5.0864363,5.907798
1026,-5.230156,10.286282
1027,18.337603,7.7130623
1028,-4.9978733,10.117667
1029,18.37624,7.996334
1030,19.349031,7.6535053
1031,-4.458342,8.666311
1032,-6.029457,9.887405
1033,18.625597,7.952938
1034,8.7549715,8.138983
1035,17.866442,7.6427946
1036,-6.2599034,8.748479
1037,19.217363,7.980515
1038,18.088299,7.956301
1039,18.95634,8.468855
1040,-4.4194794,9.196658
1041,-5.447307,9.661707
1042,-5.626418,8.1813135
1043,18.727211,7.767554
1044,-5.8940644,6.5037823
1045,-6.3279433,9.90731
1046,-4.9317584,9.369204
1047,18.74738,8.091954
1048,-5.911647,9.289681
1049,-7.0885,9.746708
1050,-6.903073,9.936693
1051,18.116034,8.073569
1052,14.794695,11.471019
1053,-4.933491,8.790581
1054,18.16352,6.4814982
1055,18.862314,7.7036176
1056,18.401323,7.4959154
1057,-4.7194724,9.680109
1058,19.334349,7.510654
1059,19.28048,8.758089
1060,18.979301,8.103616
1061,19.317226,8.09457
1062,18.716803,9.342844
1063,-5.9310455,7.9643617
1064,19.280466,7.7075286
1065,19.156715,7.725467
1066,-5.041909,6.2864027
1067,19.165255,8.196278
1068,19.29309,8.039593
1069,18.837292,7.6407886
1070,18.941854,7.5730686
1071,19.18078,7.9117475
1072,18.906706,7.498366
1073,19.39164,7.674545
1074,19.08542,7.612454
1075,-5.5355625,5.670542
1076,-5.0947027,9.616262
1077,-5.334988,9.201576
1078,-5.244197,5.813191
1079,-4.465683,9.615099
1080,-4.7947288,8.067653
1081,19.044455,8.108889
1082,-6.4501243,7.867893
1083,-5.602269,10.260567
1084,18.161346,6.3897405
1085,-5.2003465,6.7690034
1086,-5.4588275,9.051333
1087,18.85225,7.8555155
1088,18.49646,7.412071
1089,19.068409,7.8897843
1090,18.13018,7.378387
1091,17.62582,7.3387294
1092,-7.345654,10.168393
1093,-5.2168827,9.833401
1094,-4.7976146,10.100346
1095,18.858803,7.897951
1096,19.243979,7.7270546
1097,-5.604591,6.9019976
1098,-6.1629643,9.537818
1099,-5.0200577,9.654334
1100,18.405975,7.205682
1101,18.25373,7.598928
1102,-5.43476,8.9509945
1103,19.397982,7.6304564
1104,18.4753,7.6071205
1105,-5.4188094,10.317017
1106,18.79696,8.09276
1107,-5.669913,8.557966
1108,17.861238,7.505287
1109,19.499805,8.089107
1110,-5.531136,10.382897
1111,17.862152,7.500352
1112,19.251606,7.6812267
1113,15.613619,4.9807067
1114,17.647945,7.062123
1115,-5.1099887,9.880676
1116,-5.8288584,9.415149
1117,18.72306,7.184273
1118,-5.8490505,6.009975
1119,-4.9587865,10.249767
1120,-5.0990486,4.808472
1121,19.601267,7.8463964
1122,-4.492448,8.337746
1123,19.320856,8.312121
1124,19.191414,7.776246
1125,-4.964241,5.358216
1126,-4.945778,9.747765
1127,-5.4769473,9.292792
1128,19.079275,7.3580985
1129,20.783903,8.395673
1130,19.551981,7.6150284
1131,-4.609856,9.743056
1132,19.033249,7.3369856
1133,-4.459735,8.4773245
1134,-5.16821,9.437688
1135,18.782995,7.4830937
1136,19.667757,8.357407
1137,18.618982,7.2141085
1138,-5.053458,8.155113
1139,18.977488,7.513039
1140,19.509974,7.837733
1141,18.237833,7.2147985
1142,-5.42795,8.581252
1143,-5.7402406,8.461027
1144,-4.918415,10.089008
1145,19.991154,8.173636
1146,18.2228,7.112342
1147,19.219269,7.4931993
1148,-5.5489516,9.76835
1149,18.521587,7.160251
1150,-5.250114,5.3895235
1151,-4.5942206,8.530508
1152,19.121248,7.274136
1153,-4.751961,9.635239
1154,19.47968,7.5701704
1155,18.633032,7.5776725
1156,19.248333,7.359458
1157,-5.3824873,5.87525
1158,-5.146162,5.533587
1159,18.592083,7.055305
1160,18.490242,7.480349
1161,-5.7417645,6.389835
1162,-5.521158,5.8972692
1163,19.422127,7.668913
1164,-5.060208,7.1592827
1165,-5.43886,10.429502
1166,-4.527814,9.734493
1167,-5.189507,9.863231
1168,-4.99181,9.984785
1169,-5.7802076,9.9316
1170,18.275213,7.571127
1171,18.794466,7.3044586
1172,-5.4074655,9.392706
1173,18.991955,7.346576
1174,18.652254,7.0823345
1175,-5.7356787,10.2645235
1176,-4.814102,9.60991
1177,18.935465,7.376693
1178,-4.6851993,9.988916
1179,19.266092,7.335203
1180,-5.541748,10.083675
1181,-5.025181,5.6816473
1182,-6.579562,9.891592
1183,15.79387,5.686698
1184,19.590595,7.4338284
1185,18.464592,7.1662617
1186,19.238344,7.8822865
1187,19.81476,7.6147804
1188,-5.4923573,9.706392
1189,-5.193629,9.068265
1190,19.265884,7.278402
1191,19.131975,7.0954947
1192,-4.85709,9.721836
1193,-3.1960442,3.5979295
1194,-4.916454,5.5158334
1195,19.72967,7.8784595
1196,-5.6673512,9.680193
1197,-5.2592344,5.5402336
1198,-5.124974,8.66364
1199,-5.30136,8.164942
1200,19.485327,7.458489
1201,-4.6625266,7.4957204
1202,16.902248,12.779482
1203,-8.235516,8.181288
1204,16.536116,12.207226
1205,16.72981,12.878781
1206,17.051949,12.890696
1207,16.881994,13.067132
1208,16.984774,13.3017435
1209,9.224233,7.5421653
1210,-8.230092,7.814273
1211,16.438501,11.859537
1212,17.586132,12.682795
1213,16.953041,12.286015
1214,17.048689,12.748209
1215,16.642591,12.263168
1216,17.170135,12.755228
1217,17.09188,13.263561
1218,17.211351,12.439675
1219,16.416727,12.696083
1220,-8.369315,8.125402
1221,17.736103,12.447032
1222,16.385656,12.111414
1223,-8.36952,7.700629
1224,17.43119,11.982612
1225,17.141533,13.144162
1226,-8.284107,7.562086
1227,17.661718,12.867804
1228,17.566181,12.705864
1229,17.229685,12.009417
1230,16.866228,11.946435
1231,16.51593,11.66536
1232,17.327145,13.382464
1233,-8.299837,8.09492
1234,-8.014809,7.394431
1235,9.456552,7.6952925
1236,16.91939,11.513442
1237,-8.034854,7.7311015
1238,17.04666,11.84042
1239,17.337505,12.46415
1240,17.473377,12.6346245
1241,-8.019074,8.021902
1242,16.982084,11.719198
1243,-8.011447,8.452164
1244,17.889215,12.5252285
1245,17.779053,12.333188
1246,17.395624,12.39677
1247,17.665384,12.780535
1248,17.14176,12.142075
1249,-8.204944,7.80912
1250,16.070656,11.605072
1251,17.48108,12.859192
1252,17.565266,13.334685
1253,16.135307,11.463432
1254,16.76252,12.053404
1255,-2.8653243,6.217435
1256,-7.9014807,8.44783
1257,17.10252,12.626579
1258,17.44509,12.267641
1259,17.762703,12.223601
1260,-7.819218,7.806948
1261,16.950212,12.756001
1262,17.60683,12.571475
1263,17.795012,12.589683
1264,-6.9185567,5.584772
1265,16.761497,11.909457
1266,18.13095,12.1578455
1267,17.156504,12.013805
1268,17.422197,13.300621
1269,16.818901,11.955515
1270,-7.928842,7.245228
1271,17.986942,12.1073675
1272,18.276524,12.320329
1273,-7.725057,8.249616
1274,17.784868,12.353902
1275,17.505575,13.136026
1276,17.363792,11.702652
1277,17.517548,12.191915
1278,16.29862,11.941197
1279,18.590721,12.00767
1280,-8.269421,7.640741
1281,-7.9125924,8.684992
1282,9.146697,7.6142697
1283,17.540369,12.042828
1284,18.094238,12.313042
1285,18.318693,12.238787
1286,18.560692,11.908957
1287,17.493475,12.097238
1288,16.351011,11.778501
1289,17.402782,13.273732
1290,-8.303368,8.36886
1291,17.642988,13.139152
1292,17.592075,13.075045
1293,17.77343,11.801932
1294,-6.940797,7.6053267
1295,-8.165907,8.876403
1296,17.34425,12.358021
1297,17.905722,12.843395
1298,18.457981,12.39286
1299,17.575031,12.453751
1300,18.05384,12.719018
1301,-7.597001,6.8953695
1302,17.47974,11.607162
1303,18.578766,12.278902
1304,18.524366,12.3387
1305,-8.262004,8.646915
1306,-6.795346,5.2679806
1307,17.541012,11.661747
1308,17.536661,11.946908
1309,-8.153128,8.829181
1310,-7.714407,7.777194
1311,18.649237,12.390257
1312,17.12082,11.08186
1313,9.047826,7.724364
1314,18.233053,11.950952
1315,17.792305,12.177592
1316,17.74205,12.574122
1317,-8.108814,7.738891
1318,18.72067,12.221236
1319,18.039879,12.736125
1320,8.937592,7.7494187
1321,18.641476,11.512332
1322,9.030873,7.6468244
1323,18.236094,12.184537
1324,18.705044,12.402612
1325,16.89111,11.776984
1326,8.95715,7.426207
1327,18.823685,11.921885
1328,18.851461,11.917783
1329,18.548002,12.306269
1330,-7.554551,7.9493275
1331,18.828043,12.282567
1332,18.366667,12.699739
1333,19.027832,12.063388
1334,17.822334,12.615298
1335,-8.2326,9.056815
1336,19.41993,11.935734
1337,17.392027,11.254913
1338,17.414999,10.745075
1339,-8.390112,7.8368373
1340,18.090075,13.008434
1341,19.6909,12.035738
1342,8.990826,7.7050147
1343,18.979658,12.375473
1344,18.867298,11.607189
1345,18.411417,12.462663
1346,-5.796475,7.712152
1347,17.761284,10.730802
1348,18.014797,11.204562
1349,18.16875,12.799605
1350,17.85504,11.398074
1351,17.873058,12.608516
1352,-6.657322,5.131768
1353,-7.7429714,8.582733
1354,18.872192,11.46378
1355,19.537708,10.853243
1356,18.797106,11.1188755
1357,17.159609,11.421509
1358,19.195932,11.302779
1359,18.813473,12.320912
1360,20.19311,11.775577
1361,17.236738,10.549721
1362,17.37609,10.991108
1363,19.343082,11.679627
1364,19.086807,12.358342
1365,-8.297685,8.551773
1366,18.951328,11.885292
1367,17.298016,10.591246
1368,18.734665,12.036729
1369,18.297594,11.501397
1370,-7.8652897,9.47735
1371,-6.3721204,8.689389
1372,18.63985,11.951396
1373,14.830194,11.59293
1374,-7.3407435,7.7023892
1375,19.064713,11.3864
1376,18.369158,10.949817
1377,-7.5879407,8.249575
1378,19.0572,11.770977
1379,18.643955,12.12888
1380,18.622355,12.605463
1381,18.526205,12.647424
1382,-7.12929,7.0490675
1383,-7.439165,8.049206
1384,18.968727,11.862202
1385,17.614243,10.777068
1386,-7.142088,7.0711617
1387,19.556786,11.363098
1388,18.86386,11.863477
1389,18.39015,11.975255
1390,18.9313,11.936532
1391,18.711658,11.730746
1392,18.662361,12.525455
1393,19.046564,12.155265
1394,8.7118,7.6684656
1395,18.185205,11.7434225
1396,19.34847,11.919898
1397,18.323103,11.341547
1398,17.672373,10.330828
1399,-7.3291254,8.64807
1400,18.49661,10.57841
1401,18.665207,11.568928
1402,17.827679,11.015627
1403,18.153383,6.5827255
1404,18.899662,11.311017
1405,19.299082,12.02719
1406,17.763186,10.830095
1407,20.29314,10.995095
1408,17.902939,10.966714
1409,-7.0895796,8.239068
1410,19.300783,12.003824
1411,17.806065,10.408934
1412,19.14724,10.989142
1413,19.731224,11.479373
1414,19.509804,11.860377
1415,18.848942,11.186927
1416,19.061012,11.821739
1417,19.536657,11.132571
1418,17.602797,10.667219
1419,19.235489,11.005302
1420,18.362488,10.618283
1421,17.667463,10.9555235
1422,-7.5247707,8.234248
1423,19.92871,11.85718
1424,-7.4387774,8.372586
1425,19.195425,11.71975
1426,19.917511,11.129548
1427,19.432434,11.204309
1428,19.845253,11.520664
1429,19.087671,10.873977
1430,18.894749,11.239705
1431,17.98118,10.819388
1432,-2.7542677,6.420023
1433,18.478115,10.670596
1434,19.226955,11.663604
1435,19.70278,11.200628
1436,19.081131,10.80877
1437,19.164207,11.096398
1438,19.220842,12.103412
1439,17.405508,11.335165
1440,-6.677078,6.829244
1441,20.038733,11.259687
1442,19.383392,11.390174
1443,-7.499981,8.831834
1444,18.534428,10.737751
1445,-8.035705,9.0744705
1446,19.213919,11.024173
1447,18.727415,10.192741
1448,18.375366,10.485339
1449,-7.4443846,8.1873865
1450,18.85209,10.791889
1451,-6.984313,9.005241
1452,18.75841,11.324723
1453,18.864752,12.244042
1454,18.97235,11.304627
1455,19.105217,11.761909
1456,8.698854,7.7751956
1457,20.286123,11.382887
1458,19.154411,11.662133
1459,18.937307,10.9843645
1460,18.672926,10.645407
1461,19.290676,11.173479
1462,18.71829,10.825828
1463,19.160255,11.522629
1464,19.470184,11.255046
1465,20.59737,11.34119
1466,20.008165,10.95827
1467,18.713726,11.0880575
1468,18.15811,10.171715
1469,-6.772509,7.2792296
1470,14.81399,11.5228615
1471,-7.0386314,8.020694
1472,20.395226,11.60537
1473,19.131826,10.566352
1474,19.041832,12.587085
1475,19.146425,10.591029
1476,19.53435,11.810192
1477,19.439024,10.788795
1478,20.082003,11.061499
1479,19.1735,11.27362
1480,19.288813,10.044504
1481,17.96903,10.605243
1482,18.68979,11.4015255
1483,-8.431622,2.0514596
1484,18.574541,9.99284
1485,17.454388,11.353174
1486,19.287598,10.492959
1487,20.43998,11.408537
1488,19.83358,11.2920265
1489,-5.8120093,7.9647684
1490,18.713064,11.467287
1491,19.419035,11.321338
1492,-7.2159057,8.5789585
1493,8.600266,7.837659
1494,19.05336,10.407781
1495,20.205801,11.432812
1496,19.686209,10.576573
1497,19.157768,11.988547
1498,19.007215,11.038403
1499,19.237532,12.232556
1500,-7.3769345,8.536211
1501,20.3206,11.651134
1502,17.87167,10.952279
1503,18.348757,10.269109
1504,19.870073,11.524052
1505,18.201494,11.107499
1506,20.234518,10.82313
1507,18.892769,10.289746
1508,-5.9091187,8.312173
1509,18.46147,10.72022
1510,-8.484669,1.9772655
1511,-5.5311074,7.7716327
1512,18.380045,10.908851
1513,19.20115,10.27048
1514,18.936167,9.989534
1515,18.423254,10.230161
1516,17.685408,10.593328
1517,20.54148,10.589452
1518,18.990835,12.218643
1519,-6.15693,8.743606
1520,-7.1224713,8.845695
1521,19.637842,10.506844
1522,19.66536,10.387644
1523,8.58153,7.830605
1524,19.7182,10.166447
1525,8.538516,7.8138266
1526,18.616411,10.510305
1527,18.523497,10.650268
1528,19.720972,11.203995
1529,-5.4746113,6.373302
1530,19.714022,10.986179
1531,17.479456,11.346144
1532,20.49453,10.9143505
1533,20.37853,10.747618
1534,-7.215771,8.777207
1535,19.701199,11.389277
1536,19.028748,10.270424
1537,-5.7059784,7.7065277
1538,18.4709,6.9150057
1539,19.008862,10.477072
1540,-6.7946706,8.801606
1541,17.272736,11.1619425
1542,16.48716,11.220679
1543,19.655144,10.842454
1544,19.631544,11.228373
1545,19.433716,10.0524435
1546,18.282358,10.451908
1547,19.269695,9.70067
1548,18.920202,10.205932
1549,19.781374,11.120574
1550,19.98048,9.782787
1551,18.378485,9.96427
1552,18.94869,11.552362
1553,20.638336,11.181456
1554,18.253752,9.884047
1555,8.70836,7.831419
1556,18.160093,9.744211
1557,19.299402,10.763549
1558,19.73691,10.823805
1559,18.92381,9.929079
1560,19.706623,10.599308
1561,-6.776912,8.219446
1562,19.608477,10.83489
1563,-5.844275,6.9095273
1564,20.370417,10.836293
1565,20.014324,10.831753
1566,8.267634,7.8583603
1567,19.745834,9.812391
1568,19.76798,10.025595
1569,20.475485,11.216676
1570,19.22435,10.092184
1571,19.42358,10.113654
1572,19.212877,10.047409
1573,19.270588,10.840242
1574,-5.6016955,7.710167
1575,19.02451,11.2662735
1576,19.110947,10.498037
1577,20.666815,10.745475
1578,19.313705,10.31408
1579,19.597084,9.859216
1580,19.76263,10.75313
1581,20.021439,10.466943
1582,20.547876,10.122824
1583,20.40821,10.1141815
1584,20.584324,10.761499
1585,-6.965716,7.6283183
1586,19.662844,10.523735
1587,-6.608364,9.150003
1588,19.29359,9.305149
1589,8.810941,7.888828
1590,19.227924,10.497713
1591,19.168638,10.567611
1592,20.529041,10.488929
1593,-7.026368,8.064889
1594,19.787294,9.98687
1595,18.033436,11.086315
1596,18.80823,9.059554
1597,17.364325,11.149637
1598,-5.646019,9.023306
1599,20.574194,10.141304
1600,19.200651,10.209904
1601,-5.5803185,6.714957
1602,19.134735,10.475446
1603,19.741611,10.317536
1604,21.146223,9.722514
1605,-6.735688,9.692515
1606,-7.738889,9.31734
1607,20.669523,10.799603
1608,20.017105,10.129138
1609,20.392344,11.011665
1610,20.169548,10.7678795
1611,20.547539,11.03885
1612,20.190174,10.977339
1613,19.694212,11.000063
1614,-6.2077513,8.645116
1615,20.061592,10.227454
1616,20.925785,10.408962
1617,-6.626029,8.23289
1618,19.565731,9.679981
1619,18.942455,9.349917
1620,20.636583,11.157595
1621,17.994734,11.138171
1622,19.862654,10.102387
1623,20.771961,10.430246
1624,20.187239,11.125224
1625,19.880606,10.186295
1626,20.115702,9.900637
1627,-6.296376,6.825602
1628,8.423152,7.9367547
1629,19.423851,10.280634
1630,18.996851,9.384607
1631,18.060715,9.510527
1632,-6.6163707,7.395018
1633,19.480448,10.081967
1634,21.118053,10.556296
1635,-6.9885426,7.8446255
1636,19.303356,9.873103
1637,19.677328,10.376318
1638,19.680698,10.651567
1639,17.643051,11.137101
1640,18.684565,9.120817
1641,19.167057,9.635959
1642,-6.8656197,8.708019
1643,-7.064315,8.066292
1644,19.383934,10.647746
1645,8.625283,7.960454
1646,20.03743,10.27958
1647,14.174946,11.422574
1648,19.947231,10.841105
1649,20.710052,10.940667
1650,18.2541,9.586099
1651,-5.8804407,8.810473
1652,19.49391,10.961714
1653,19.766203,9.10239
1654,19.203169,9.763933
1655,20.327875,11.036535
1656,19.98047,10.076667
1657,17.986462,9.792875
1658,19.212034,9.476116
1659,20.803474,10.8281
1660,19.788715,9.289317
1661,-6.3463254,8.9523115
1662,19.899942,9.926418
1663,-6.5726004,9.682043
1664,-6.3469267,9.631814
1665,-6.5360875,8.625136
1666,-7.524662,9.827852
1667,20.962614,9.97381
1668,20.8721,11.270905
1669,19.07432,9.265628
1670,-6.4303336,9.100813
1671,-6.853423,9.017002
1672,19.616903,10.351398
1673,-5.9757433,8.695691
1674,20.719112,9.433407
1675,-6.4842615,8.02117
1676,20.456934,10.219903
1677,20.173288,9.875852
1678,20.856411,9.254018
1679,19.750147,9.7074795
1680,19.025902,9.306048
1681,20.165152,10.081987
1682,20.244207,10.016545
1683,14.408847,11.118975
1684,20.66263,10.626386
1685,-5.8837237,9.526501
1686,19.314459,9.335003
1687,20.818634,10.414649
1688,20.595644,9.822577
1689,19.544043,9.924901
1690,18.899544,10.562
1691,20.036497,9.56181
1692,20.47966,9.653561
1693,20.980642,10.549713
1694,-6.6521554,7.5020657
1695,19.733368,10.151803
1696,20.834148,9.741067
1697,19.15547,9.346136
1698,20.317253,10.144292
1699,20.139786,10.295989
1700,20.110714,9.779139
1701,20.348288,9.979604
1702,19.718779,9.751361
1703,20.361057,10.130402
1704,-6.988515,8.802508
1705,-6.6792994,8.297046
1706,20.31918,10.263483
1707,-5.990897,9.6521635
1708,-6.749823,7.8956237
1709,20.173775,9.610867
1710,20.074148,9.46567
1711,-7.255281,9.143927
1712,-6.4154067,7.7900543
1713,20.376757,9.504631
1714,-6.6340594,9.6813345
1715,-5.1698837,9.316804
1716,19.079834,10.29965
1717,19.937866,9.173376
1718,-6.1704936,8.434797
1719,18.709923,9.082437
1720,-6.2267838,8.106712
1721,19.615522,9.469284
1722,20.828259,9.666183
1723,20.435621,9.506352
1724,19.676765,9.241739
1725,19.755047,9.935353
1726,20.54448,9.472324
1727,20.31143,9.557116
1728,-5.5785527,5.52897
1729,18.017092,10.6118555
1730,19.673004,8.942105
1731,-5.650594,9.414868
1732,18.834969,9.584976
1733,20.077124,9.300409
1734,-6.279933,8.778193
1735,-5.815453,6.0574374
1736,20.706467,9.319614
1737,19.627665,9.105005
1738,-5.83045,5.669292
1739,14.217333,11.367049
1740,20.954163,9.987265
1741,-6.4752016,8.567122
1742,21.233065,10.009094
1743,19.412128,9.562045
1744,19.091866,9.182035
1745,19.383686,9.95664
1746,18.036154,7.8476043
1747,-5.6475067,9.754283
1748,-5.947676,8.7042055
1749,19.19865,9.463776
1750,21.32571,9.8977375
1751,19.658371,8.920681
1752,20.517803,9.512363
1753,-5.4347734,7.4795756
1754,20.351656,9.62815
1755,19.656334,10.560058
1756,20.019117,9.188711
1757,-5.823575,9.243959
1758,19.085638,9.519889
1759,19.99653,9.72355
1760,20.347507,9.022978
1761,14.3300085,11.495
1762,19.567617,9.805794
1763,19.999832,9.005691
1764,-5.7581034,6.1115694
1765,-5.347059,8.7738285
1766,20.754856,9.870561
1767,19.754961,9.301201
1768,-5.733679,10.149631
1769,20.37592,9.533867
1770,-5.984066,8.8636875
1771,19.645622,9.272741
1772,20.43222,8.953382
1773,20.673538,9.610398
1774,20.021877,8.758368
1775,19.040173,9.475509
1776,19.717674,9.091915
1777,21.281,9.788225
1778,18.573454,10.744647
1779,20.44568,9.526347
1780,-5.807993,5.7879157
1781,20.607647,9.700418
1782,21.461739,10.1359005
1783,18.797277,8.899393
1784,20.08939,9.134439
1785,19.84495,9.70017
1786,20.389662,9.693421
1787,20.401327,9.149795
1788,20.858004,9.091105
1789,20.998182,9.916602
1790,20.875315,9.954609
1791,-7.457288,9.378585
1792,20.799837,9.064368
1793,20.1458,9.738424
1794,20.049854,10.3750925
1795,19.504913,8.184668
1796,20.171095,9.440677
1797,-6.0124416,7.5052214
1798,-6.456814,9.54779
1799,14.38282,11.627327
1800,14.366624,11.660242
1801,-6.814486,9.502448
1802,-5.7597723,8.951628
1803,21.033201,9.095746
1804,-5.555916,9.111193
1805,20.902325,9.566134
1806,21.283142,9.471915
1807,19.324686,9.23804
1808,-5.719564,9.434104
1809,20.157396,9.45566
1810,19.68054,8.8334675
1811,20.685734,9.691374
1812,21.274172,10.180235
1813,-6.129263,8.972083
1814,-5.755792,10.198372
1815,-5.773815,7.115037
1816,20.93128,9.662929
1817,20.504126,9.268752
1818,-5.646723,7.7901917
1819,-6.660259,8.991937
1820,18.96026,9.844086
1821,18.435438,8.165595
1822,20.697777,9.202022
1823,20.03842,9.709002
1824,21.047688,9.443871
1825,-6.3838315,9.606429
1826,20.456411,9.739824
1827,-5.278826,5.790895
1828,-7.158733,9.931225
1829,18.734604,8.359195
1830,-6.669669,8.856482
1831,-7.458338,10.022314
1832,-5.3102856,5.7941523
1833,20.517336,9.4544
1834,20.910051,9.292658
1835,20.69155,9.626322
1836,-5.998795,9.560906
1837,19.827902,9.045712
1838,-5.1410184,9.614786
1839,20.85466,9.667889
1840,19.409918,8.375222
1841,-5.200943,9.813478
1842,19.135191,9.038478
1843,20.274782,8.993139
1844,20.996876,9.783021
1845,-6.151304,9.297176
1846,17.95905,6.498879
1847,18.984669,8.612086
1848,-4.9661145,9.78113
1849,19.701756,9.070336
1850,20.23383,9.164351
1851,8.315504,8.223855
1852,-5.707949,8.395055
1853,20.807533,8.747852
1854,19.482841,9.325994
1855,-5.2563677,9.806909
1856,20.441193,9.056632
1857,19.056713,8.829383
1858,19.470852,8.759083
1859,19.715456,8.392736
1860,20.895193,9.577346
1861,19.403643,8.540476
1862,21.324673,9.9456835
1863,20.925402,9.349117
1864,-5.6344995,9.345015
1865,8.253577,8.16483
1866,20.239557,9.143406
1867,20.29271,8.73863
1868,-5.3769913,7.3658686
1869,18.103151,6.353143
1870,19.660522,9.02239
1871,19.99666,8.843447
1872,20.22241,8.929977
1873,18.988174,9.97133
1874,18.364515,6.6523323
1875,-5.495859,7.873983
1876,20.147745,8.80619
1877,20.586597,8.841372
1878,20.780445,9.195078
1879,18.452303,10.456032
1880,-4.9157143,9.620652
1881,20.628817,8.907015
1882,21.273705,9.215507
1883,21.162521,9.66608
1884,19.557035,8.301626
1885,18.39128,10.292528
1886,20.657288,9.898376
1887,20.33723,8.404569
1888,20.584667,8.881474
1889,-5.6268272,5.954938
1890,19.750689,8.8142
1891,20.501722,8.9119005
1892,19.469511,8.121531
1893,21.280735,9.491153
1894,20.6314,8.817821
1895,14.255022,11.531701
1896,20.79858,8.771491
1897,20.727253,9.216074
1898,-7.257265,9.9391575
1899,19.825748,8.317215
1900,-5.6107574,8.426313
1901,21.248466,9.268932
1902,21.233229,9.451493
1903,18.908745,8.909015
1904,20.614927,8.549112
1905,-5.606259,8.9725275
1906,20.937572,8.627902
1907,20.667488,8.736045
1908,19.37543,8.026231
1909,-5.1824746,9.495253
1910,8.353538,8.272492
1911,19.07115,8.936776
1912,20.602037,8.706239
1913,18.867348,9.697624
1914,20.342777,8.621914
1915,-5.981847,9.24464
1916,-5.3182015,8.852059
1917,-6.5397363,9.459946
1918,19.153423,8.742528
1919,19.880743,8.597669
1920,21.019468,9.081521
1921,-5.602754,8.957721
1922,8.629364,8.337484
1923,20.067715,9.247255
1924,-5.349117,6.129049
1925,20.746723,9.328636
1926,20.161516,8.390547
1927,20.971004,9.163249
1928,20.409224,8.681039
1929,21.012539,8.705409
1930,-6.0291824,9.73659
1931,19.342844,8.5580435
1932,-5.767535,9.931071
1933,-5.639617,10.458358
1934,-4.3212833,8.2621355
1935,21.00065,9.162791
1936,21.283916,9.498547
1937,20.05722,8.45141
1938,19.389938,8.352306
1939,20.005392,8.761892
1940,8.574923,8.379946
1941,19.129723,8.611849
1942,20.948511,8.995073
1943,21.006733,8.949594
1944,20.69272,8.686828
1945,-5.3171844,9.957098
1946,20.359383,9.084574
1947,19.805866,8.302159
1948,-5.096654,6.1076016
1949,19.399586,8.48115
1950,19.102776,8.8454275
1951,-7.3324027,3.4142694
1952,-6.8637137,4.540559
1953,-6.5286946,1.9060127
1954,-6.3675475,3.0890973
1955,-6.293669,3.2484367
1956,-6.700476,3.4842837
1957,-6.2126174,3.3893864
1958,-5.389889,1.9283206
1959,-6.670933,3.3849573
1960,15.423576,11.194559
1961,-4.7941656,2.393233
1962,7.443741,7.6812506
1963,-5.9825745,3.2848897
1964,-5.660116,3.3123918
1965,-5.589719,1.8204476
1966,-5.7334824,3.4294324
1967,-5.534488,3.2442484
1968,4.4963307,9.201604
1969,-4.3350058,2.5170455
1970,-5.26651,3.1457872
1971,6.9732256,8.398108
1972,-5.5732265,3.247412
1973,6.62057,8.381819
1974,-4.4741473,2.6244164
1975,-4.6783423,2.7500703
1976,-5.2957215,4.5488
1977,4.7594433,9.002973
1978,-5.397276,3.8469465
1979,4.6726327,9.26635
1980,-8.40839,2.022398
1981,-4.9070034,4.2888665
1982,7.153177,8.414919
1983,-4.903029,4.2921767
1984,7.111182,8.291763
1985,6.638457,8.652459
1986,-5.3174467,3.589623
1987,6.428184,8.581159
1988,4.5222116,9.002687
1989,4.7482114,9.190864
1990,-4.968092,3.9750683
1991,4.8596215,8.991139
1992,-4.943817,3.4180424
1993,4.407594,9.180975
1994,4.6290984,9.083109
1995,4.419343,9.428189
1996,-4.233867,2.615579
1997,4.6133337,9.370416
1998,6.8912716,8.555109
1999,-5.247103,3.3136387
2000,-4.8770447,4.1257887
2001,5.8724318,8.761373
2002,-5.148633,2.9675345
2003,4.53353,9.287153
2004,4.3808365,9.291768
2005,-4.7493315,3.0861945
2006,6.978177,8.442249
2007,4.3481474,9.303823
2008,6.9623847,8.334271
2009,-4.149333,2.6511188
2010,-4.447717,3.5250244
2011,4.404658,9.382698
2012,-4.16018,2.681591
2013,3.8658113,8.5154295
2014,-4.3750954,2.6085036
2015,-4.635912,3.6578398
2016,4.762994,9.243654
2017,-4.373692,2.8299303
2018,-4.8146243,3.553347
2019,4.3649507,9.236469
2020,5.8716574,9.094391
2021,6.1432347,8.887184
2022,4.184487,9.208218
2023,4.67211,9.436289
2024,-4.0071583,2.6722667
2025,-4.6170754,3.2173066
2026,4.17372,9.3410015
2027,4.4376388,9.3883295
2028,6.1682687,8.840639
2029,6.6918635,8.305669
2030,-4.5729446,4.0977206
2031,-4.9483833,4.8640337
2032,-5.079394,3.6470873
2033,-4.3912897,2.7351131
2034,4.211816,9.062927
2035,5.5874987,9.164152
2036,6.7281375,8.368803
2037,4.652962,9.037359
2038,-4.337874,3.2855895
2039,4.2304316,8.811373
2040,-4.7005887,3.6509268
2041,-4.733106,3.4060392
2042,5.771738,8.996704
2043,-8.3882885,7.6554313
2044,-8.028271,6.863603
2045,-8.347803,7.383723
2046,-7.3003216,4.9577312
2047,-8.613818,7.3250375
2048,-8.162191,7.3483467
2049,-8.502938,7.7281666
2050,-8.565518,7.534744
2051,-8.307795,8.285466
2052,-7.9931974,8.718086
2053,-8.124544,8.893595
2054,18.818365,11.818459
2055,7.7257333,7.1308293
2056,21.114752,5.4323897
2057,-7.821681,7.6785135
2058,-6.6688457,6.9711385
2059,20.94525,5.4260116
2060,20.997295,5.374801
2061,21.323334,5.5355825
2062,-6.9849625,8.3869
2063,-6.272478,8.498476
2064,15.500375,11.012136
2065,21.331106,5.805259
2066,21.204313,5.5785565
2067,-7.6769075,9.230515
2068,21.105968,5.5214787
2069,20.895721,5.855779
2070,20.988487,5.6550407
2071,20.791262,5.691802
2072,8.214932,7.926909
2073,21.216967,5.528929
2074,20.863708,5.6137934
2075,20.642376,6.0045958
2076,-6.506764,5.024134
2077,21.21982,5.677582
2078,21.180553,5.664812
2079,-6.1365213,8.968184
2080,21.190067,5.894554
2081,21.016293,5.6081333
2082,21.054146,5.7330856
2083,-6.18238,8.642161
2084,-7.290317,9.011149
2085,8.008218,7.9952993
2086,-6.8031087,9.932334
2087,20.798662,5.5647655
2088,-6.1298094,8.167457
2089,-8.656492,1.9448276
2090,-6.3115406,4.8330374
2091,21.151428,5.840849
2092,-6.227045,7.081439
2093,20.44193,5.746702
2094,20.655704,5.9337964
2095,20.688995,5.7084994
2096,-6.4465227,7.012475
2097,20.471958,5.962419
2098,20.962372,5.7418785
2099,21.41565,5.853554
2100,21.11573,5.8646226
2101,20.707684,5.963024
2102,20.986702,5.6477814
2103,-6.701338,9.183105
2104,19.997,6.261756
2105,20.97,6.0170927
2106,21.187218,6.326654
2107,20.57658,6.058657
2108,20.859488,5.8232694
2109,20.777033,5.8011394
2110,-5.9997926,7.8659673
2111,20.540188,6.253901
2112,19.605682,5.98401
2113,21.039658,6.125342
2114,-6.05884,8.253539
2115,21.203558,6.1241693
2116,21.157457,6.7254934
2117,-5.483368,4.9524946
2118,18.926863,5.837801
2119,21.090004,6.5983334
2120,20.705322,6.7675614
2121,8.347758,8.279919
2122,-7.20126,10.203222
2123,19.952902,6.4836802
2124,21.042473,6.595584
2125,-5.5203676,5.1051116
2126,-5.44404,5.1702957
2127,20.810793,6.09218
2128,21.129032,6.554714
2129,21.183733,7.3929152
2130,20.349977,6.4411187
2131,20.093176,5.9879184
2132,-5.2539287,4.7569466
2133,-5.889418,8.360407
2134,-7.373879,10.234651
2135,21.22704,6.992563
2136,20.288572,6.1042476
2137,-5.7573667,8.08075
2138,18.18845,6.464584
2139,-6.9138994,9.8435955
2140,20.935745,7.352256
2141,21.175829,6.484614
2142,20.637787,6.576822
2143,21.058529,6.8229303
2144,21.289972,6.5615754
2145,20.586372,6.696381
2146,-6.014385,8.6132145
2147,21.185099,6.4720817
2148,20.846018,6.60296
2149,21.167364,6.865632
2150,-5.7666054,8.219193
2151,20.989817,6.5194216
2152,20.48055,6.60492
2153,17.700731,5.6561136
2154,18.712849,5.751422
2155,20.983997,6.3036532
2156,-5.9209805,8.240385
2157,20.745998,6.28431
2158,-5.309284,8.179049
2159,21.036037,6.7781982
2160,20.846704,6.3419576
2161,20.774408,6.944696
2162,19.43713,6.1161413
2163,21.279074,7.123888
2164,20.90954,7.1629987
2165,-5.545086,7.6299343
2166,-7.198623,10.284259
2167,20.319584,7.0079446
2168,20.401342,6.7557716
2169,20.78171,7.011748
2170,21.04452,7.110673
2171,-5.6815414,7.794127
2172,20.961077,6.360522
2173,20.399328,6.746407
2174,20.740175,6.6868677
2175,-6.472247,9.523362
2176,20.695715,6.8833585
2177,21.12159,6.8502235
2178,-7.049799,10.145705
2179,-7.2509704,10.17226
2180,-5.8824487,8.127424
2181,-4.992318,5.26314
2182,-4.9312735,9.744103
2183,-5.7158656,8.897112
2184,20.645018,7.0681105
2185,20.398132,6.8695087
2186,21.006037,6.9094634
2187,-5.393096,8.100876
2188,20.989086,6.6057067
2189,-6.733377,4.989509
2190,8.791534,8.406603
2191,-7.030442,9.596201
2192,20.78067,8.904795
2193,-6.2840495,8.323954
2194,-6.013735,5.424215
2195,21.29643,7.7181177
2196,20.74296,7.872437
2197,8.117502,8.157002
2198,21.11181,7.861522
2199,8.0051985,8.137239
2200,21.318815,7.5143123
2201,21.483492,7.2693315
2202,19.603504,8.834316
2203,21.631786,7.338504
2204,-6.264674,8.065878
2205,21.218756,6.9639106
2206,21.386663,7.266573
2207,20.832375,7.778571
2208,21.440527,7.467679
2209,-6.9363074,10.203097
2210,21.189085,7.947991
2211,-6.434674,9.7343
2212,7.9565387,8.318372
2213,21.021322,8.0299
2214,21.357414,7.1438923
2215,20.946001,7.8420544
2216,21.50704,7.228081
2217,21.24022,7.357885
2218,20.711975,7.9533043
2219,21.393303,7.3592267
2220,21.091103,7.433967
2221,-5.370489,5.5283017
2222,21.220612,7.5236516
2223,21.655743,7.646805
2224,-6.8333354,9.941641
2225,21.652607,7.2917175
2226,21.51486,7.456417
2227,21.636137,7.25241
2228,21.02573,7.2296963
2229,-5.3231096,7.733364
2230,21.334534,7.3126445
2231,8.371085,8.634151
2232,21.595491,7.173204
2233,21.647528,7.3119955
2234,21.370565,7.6149216
2235,-8.649801,2.1196718
2236,-6.511618,9.818109
2237,21.59576,7.357829
2238,21.546003,7.219538
2239,21.246052,7.446592
2240,-5.1055818,5.2487836
2241,21.615198,7.242124
2242,7.7797112,8.492169
2243,21.788269,7.3416734
2244,21.38256,7.443908
2245,21.118141,7.610607
2246,-5.660706,7.831668
2247,5.6204276,4.823392
2248,-7.243905,4.710135
2249,-7.500757,4.046567
2250,7.8215127,6.5334916
2251,-7.241263,1.1693267
2252,-7.864967,3.2698007
2253,-7.832927,3.3688176
2254,5.333445,4.5977025
2255,5.9369483,5.074791
2256,-7.368651,4.289273
2257,7.709837,6.664428
2258,-7.6878877,3.8586211
2259,-7.5047145,4.3191485
2260,5.602854,5.0468335
2261,5.625407,5.11645
2262,-7.148241,1.4596248
2263,7.7152805,6.324336
2264,7.3194866,6.304033
2265,5.364398,4.748203
2266,-7.06303,1.1074747
2267,-7.2101874,1.114507
2268,-7.76542,3.1177413
2269,-7.109673,4.5563197
2270,-7.723491,3.0503488
2271,-7.719024,6.8258524
2272,-7.505323,4.839139
2273,-7.530775,2.902051
2274,-7.758036,3.4896774
2275,5.864743,5.7787704
2276,7.6662817,6.79944
2277,-7.42007,4.484294
2278,5.7944055,5.7162924
2279,-7.427104,1.820651
2280,-7.3781304,2.9675913
2281,7.66554,6.820903
2282,5.9017186,5.5725656
2283,-7.2122397,2.5278416
2284,5.792185,5.692068
2285,5.669568,5.2995763
2286,6.057548,5.8621073
2287,-7.089159,1.3395797
2288,5.9322276,5.6898518
2289,-6.342779,0.92599744
2290,5.8625746,5.6454234
2291,5.7509027,5.543218
2292,-7.533501,3.9897063
2293,7.634087,6.94207
2294,7.1496186,6.489059
2295,5.763758,5.42914
2296,-7.5554028,3.120742
2297,-6.239482,1.1686593
2298,5.593522,5.5795727
2299,-7.2036834,1.9539245
2300,6.014298,6.005307
2301,-6.803645,1.1627027
2302,-6.449384,1.0244484
2303,-5.872573,0.9331403
2304,-6.332031,1.0486796
2305,-6.1908474,1.2038578
2306,-6.7052164,1.6642562
2307,-6.688891,1.1682649
2308,-6.8058543,4.5403132
2309,-6.8388815,4.94295
2310,5.297326,5.8770967
2311,-7.3966665,3.161816
2312,5.654326,5.954586
2313,-7.406096,3.122843
2314,5.8725433,5.947121
2315,5.8383565,5.674905
2316,5.4459147,5.8267117
2317,5.7410283,5.8452625
2318,7.416494,7.0202184
2319,5.140644,5.059631
2320,5.8444877,5.917606
2321,4.8238206,5.0346947
2322,5.4256434,5.613833
2323,7.522551,6.8932333
2324,-7.011666,1.7042658
2325,-5.9119797,1.3091513
2326,-6.9512973,4.2694483
2327,-6.6660085,1.3571765
2328,-7.943329,1.9948916
2329,7.1112485,6.5897765
2330,7.2653065,7.103197
2331,5.6278167,5.9467244
2332,5.4326887,5.4105253
2333,-6.7734556,4.833581
2334,5.5032673,5.8676357
2335,7.3501663,6.7615757
2336,5.439781,5.7966523
2337,-5.7289987,1.2621826
2338,5.413979,5.711101
2339,5.7531223,5.8085227
2340,-6.056945,1.1608716
2341,-6.182225,1.1666675
2342,-6.213414,0.9495017
2343,5.5555186,5.6087394
2344,5.7955317,6.041077
2345,5.85558,5.883681
2346,-7.256432,3.257543
2347,-5.973739,0.94822353
2348,5.8248634,6.3219233
2349,-6.014728,1.6960883
2350,-6.248993,1.714581
2351,5.89912,6.107827
2352,-6.521272,4.627188
2353,6.881867,6.4869804
2354,-7.697915,3.1512668
2355,5.847283,5.871229
2356,-6.235956,1.470016
2357,-5.834451,1.2604719
2358,-6.24208,1.6825314
2359,-6.2197666,1.5315092
2360,-5.8781075,1.3394511
2361,7.5719643,7.190288
2362,6.507892,6.784824
2363,7.5615425,7.3253717
2364,5.571991,6.5610147
2365,4.754419,5.897122
2366,-6.8428664,4.2935805
2367,-7.271056,2.6581526
2368,5.815517,6.43417
2369,-7.0376773,3.1005726
2370,-5.8788404,1.0532922
2371,5.1695547,6.0389123
2372,4.989344,5.9377046
2373,5.6136637,6.194374
2374,7.4933443,7.326536
2375,7.396897,7.416654
2376,5.612961,6.5447226
2377,-6.444863,1.5856512
2378,5.746046,6.5658703
2379,-6.514506,3.1741953
2380,-6.7861476,4.129144
2381,-6.917959,3.1564503
2382,5.444322,6.0721908
2383,4.917344,6.315262
2384,4.8248835,5.4753575
2385,5.6774535,6.6929536
2386,-6.1806517,1.7703888
2387,5.937125,6.3165073
2388,5.7126822,6.2358003
2389,-6.602311,2.2357433
2390,-5.707029,1.0228
2391,5.556869,6.7188277
2392,-6.7513647,2.0777462
2393,-6.718451,3.4354966
2394,5.385619,6.2322044
2395,-5.6699824,1.2472976
2396,4.775026,6.210749
2397,-6.715879,2.536912
2398,7.1674347,7.17392
2399,-5.8380632,1.4648836
2400,5.2012057,6.589837
2401,-6.1919503,1.732045
2402,-6.7775106,3.4481857
2403,6.9023294,6.813321
2404,5.4730225,6.221527
2405,-6.241453,4.423454
2406,5.5683255,6.8365345
2407,-5.7385545,1.490879
2408,5.245599,6.130845
2409,-6.4736285,4.3299675
2410,-5.924583,1.5024437
2411,5.40486,6.5087433
2412,-5.3967066,1.2801348
2413,-6.97553,3.6949244
2414,-5.682824,1.4652616
2415,5.719063,6.435875
2416,4.928866,6.229032
2417,5.1261787,6.709752
2418,-6.0822425,1.1242919
2419,-5.954913,1.189308
2420,5.7753105,6.3778315
2421,5.6376567,6.7196155
2422,5.6811013,7.1149964
2423,-6.8012924,3.6073637
2424,-5.0873547,1.3194124
2425,6.8981104,6.6858463
2426,7.310934,7.4973407
2427,5.467057,6.939614
2428,-6.3647366,2.0139182
2429,7.288252,7.5361114
2430,-4.8617144,2.845738
2431,-6.406381,4.4384837
2432,5.663809,6.5990405
2433,-6.2541647,2.2660725
2434,5.827262,6.5252934
2435,-5.6818376,1.7209276
2436,-6.940356,3.072129
2437,-5.5139575,1.399498
2438,5.420435,6.9082713
2439,7.0283175,7.043836
2440,5.158584,6.6294394
2441,-6.403838,4.586371
2442,-4.7738476,3.1331062
2443,-5.4636836,1.648899
2444,-5.6677938,2.5097659
2445,5.6535497,6.8246894
2446,7.295899,7.694682
2447,5.3022466,6.97315
2448,-5.2685914,1.4536574
2449,-6.070363,3.1166277
2450,5.653977,7.5318274
2451,5.636929,7.3203387
2452,-6.363185,3.1090486
2453,4.8316317,6.8375363
2454,-5.553883,6.9442787
2455,-5.1995864,1.2653803
2456,-6.426232,3.3778977
2457,5.2474947,7.074632
2458,5.3068395,7.0425205
2459,5.656378,7.2129927
2460,5.6897125,7.3793197
2461,-4.934171,2.7684047
2462,-5.746292,1.5716106
2463,5.2608314,6.6718755
2464,6.8180366,7.1258674
2465,5.7586718,6.730953
2466,5.112753,6.7302127
2467,-5.013082,7.293868
2468,-5.1568236,1.5458509
2469,5.364705,6.7488265
2470,-5.1838355,1.5119843
2471,-6.9793887,3.4464602
2472,5.5704575,6.8165154
2473,-4.8435,1.2205071
2474,-8.56799,1.9744878
2475,5.6593814,6.9560423
2476,5.2115135,7.271822
2477,-5.19628,7.3500295
2478,5.3413625,6.455132
2479,7.3018394,7.6996174
2480,5.216023,6.858527
2481,-5.2437468,7.6320024
2482,-4.4997025,2.4103382
2483,5.7472205,6.8433437
2484,5.00537,7.024735
2485,-5.2660456,1.6216401
2486,5.4089017,7.0320816
2487,5.702475,7.0667515
2488,-5.309853,1.9171227
2489,5.44302,7.5694747
2490,5.25062,6.6221986
2491,-5.945202,2.1936216
2492,5.6873007,7.1789846
2493,-6.554602,3.3846598
2494,-6.2457795,3.3145852
2495,4.465329,7.0534425
2496,-6.077492,3.0610547
2497,5.3631654,7.5849905
2498,5.492883,7.0804014
2499,-4.7786517,3.0818505
2500,-5.3218927,2.1078272
2501,-6.153918,3.5233278
2502,-5.3177323,1.8497169
2503,-5.524014,2.211486
2504,-5.861946,2.493619
2505,4.706626,6.94345
2506,5.039473,7.2368264
2507,6.0213475,6.8000393
2508,-4.5769215,1.3423829
2509,5.3074284,7.14313
2510,5.424156,7.5128307
2511,4.5829277,6.9091907
2512,-6.140465,3.1951675
2513,5.71057,7.0536714
2514,-4.959112,1.7626467
2515,6.741956,7.5097065
2516,4.952046,7.207339
2517,5.600075,7.7437434
2518,5.053763,7.2112765
2519,4.895044,7.0062118
2520,4.7501526,7.2051644
2521,-5.610338,2.8913693
2522,-4.762742,2.1840086
2523,7.1881275,7.702935
2524,-6.0813847,4.6103315
2525,-5.230185,3.2138202
2526,-4.61527,1.7754384
2527,5.5269237,7.4148707
2528,5.0406256,7.3028545
2529,4.8761463,7.361017
2530,-5.6383123,4.107944
2531,-5.9337354,3.309139
2532,-4.985372,1.5431503
2533,7.137548,7.835163
2534,-5.171714,1.9272574
2535,5.218032,7.173807
2536,-5.2614985,2.9058719
2537,-4.75358,3.440702
2538,4.6964164,7.448777
2539,5.2879057,7.4190025
2540,-5.913716,3.0960028
2541,-4.9974685,1.7058862
2542,3.7737725,6.8867464
2543,5.2339506,7.758118
2544,-4.959919,6.856405
2545,5.239949,7.4695253
2546,6.9644284,7.7559047
2547,-4.3245506,1.8818785
2548,-5.467103,7.5709944
2549,6.885547,7.5127997
2550,-4.410766,2.8983839
2551,5.232926,7.5352726
2552,5.6483626,7.74473
2553,5.015959,7.464563
2554,4.1429543,7.044826
2555,5.31002,7.36101
2556,5.5108814,7.982855
2557,4.830949,7.138738
2558,4.884958,7.8526235
2559,5.120689,7.553246
2560,5.453689,7.8410263
2561,5.2120953,7.256605
2562,5.163393,7.4822817
2563,5.100808,7.4920273
2564,-4.474636,2.4317107
2565,-5.734638,3.1571078
2566,5.430401,7.902972
2567,5.008858,7.3779564
2568,5.51095,8.134143
2569,5.101578,7.6890125
2570,-4.778227,2.505938
2571,5.632628,7.307422
2572,4.935152,7.422485
2573,5.2475896,7.9023395
2574,4.996276,7.284893
2575,6.943641,7.6787643
2576,5.463786,8.010313
2577,-4.4138365,2.2779918
2578,5.5856276,7.2935624
2579,-5.6826982,2.1707122
2580,5.1971507,7.8798776
2581,5.5086184,7.658425
2582,-4.1119943,1.8486412
2583,-8.507092,2.0335302
2584,7.0969462,7.6373925
2585,-4.864268,1.9003395
2586,-4.7795377,2.3409195
2587,-4.492296,1.6726321
2588,5.458027,8.25089
2589,-4.4691586,1.7046635
2590,4.8639655,7.8587484
2591,5.382442,8.376949
2592,4.410691,7.541843
2593,4.848097,7.633181
2594,-4.978783,2.5445642
2595,5.1169295,7.7153835
2596,-5.690821,3.5100296
2597,-4.9774146,2.13916
2598,-4.815201,2.2204962
2599,5.404194,8.119705
2600,-4.571043,1.5795228
2601,-4.73199,2.3236105
2602,5.4186206,7.9733386
2603,4.4495935,7.6444755
2604,3.5777678,7.694771
2605,5.642678,8.040786
2606,4.6107225,7.8043146
2607,5.2638326,7.8805747
2608,-4.527774,1.5506246
2609,4.249757,7.5958114
2610,4.939134,7.966182
2611,-4.5629425,3.0666296
2612,-4.696668,2.9340012
2613,4.9532366,8.208019
2614,5.087494,8.0473795
2615,5.5655274,8.243017
2616,4.7330937,7.8590193
2617,-4.628486,2.1383853
2618,4.7997,7.8889136
2619,-4.4293113,2.1922688
2620,4.8738804,8.060472
2621,-4.2755466,1.8884691
2622,-3.9515464,1.7872344
2623,-4.1519113,1.6240039
2624,4.6290655,7.376044
2625,-5.9993386,4.655839
2626,4.479554,7.7268467
2627,4.8130817,7.6731334
2628,-3.5682614,1.9245256
2629,-4.8362584,3.2477026
2630,6.905856,7.974289
2631,4.091649,7.027292
2632,6.3722363,7.8975763
2633,5.4091997,7.626457
2634,5.564225,8.223559
2635,-5.3757267,3.0649757
2636,-4.928741,3.9150107
2637,3.511512,7.664105
2638,4.7531567,8.055357
2639,-4.4363427,2.3725343
2640,5.341086,8.471473
2641,4.844479,7.644972
2642,4.7509427,7.6473417
2643,5.1918044,8.242572
2644,-4.1211476,2.059104
2645,5.1065726,8.336995
2646,5.215035,8.336594
2647,4.269956,8.4371395
2648,-8.428357,2.117858
2649,-5.481487,3.0075996
2650,-4.092903,2.1936052
2651,-4.8157825,2.5146732
2652,4.022001,7.84796
2653,-4.3393793,3.1598885
2654,5.437523,7.6988015
2655,-4.522755,3.6067522
2656,6.720586,8.057028
2657,-4.575332,2.92424
2658,-3.5521321,1.817924
2659,-4.205398,2.30012
2660,-4.380905,2.4732225
2661,5.438791,7.8862915
2662,-5.135185,3.4363296
2663,4.258986,7.721205
2664,-4.9231877,4.6008334
2665,-3.729397,2.94753
2666,4.602902,8.486991
2667,4.8897963,8.128231
2668,-4.487542,2.6328413
2669,5.2166195,8.126491
2670,-4.2078414,2.5011635
2671,-4.540951,2.8085496
2672,-3.7816737,2.1437457
2673,-4.3541102,2.4306345
2674,-4.650471,4.063626
2675,-4.9222016,3.804349
2676,4.500846,8.1346035
2677,-4.482712,2.0862045
2678,-3.9372687,1.900458
2679,5.0394306,7.951697
2680,-4.41777,2.7134109
2681,-4.3399134,2.395965
2682,-5.3648343,2.8672245
2683,-4.7439065,4.1700964
2684,-4.4009,2.471962
2685,-4.7178993,4.39666
2686,4.948474,7.8621016
2687,4.612645,7.9006047
2688,-3.8651142,1.7856605
2689,-4.3602524,2.1738265
2690,-3.8937106,2.2821805
2691,5.08665,8.049771
2692,4.6103992,8.310363
2693,4.506466,8.315128
2694,5.042385,8.225027
2695,-3.5465586,1.892546
2696,-4.521624,3.494017
2697,-3.9387455,2.7205012
2698,4.8429375,8.137586
2699,4.2410235,8.171432
2700,5.3406057,8.094185
2701,-5.0602427,3.4242194
2702,5.396857,8.196641
2703,-3.952098,2.4320865
2704,-3.706419,1.2855093
2705,-3.6656659,1.9910678
2706,-5.681204,3.2720654
2707,6.868227,8.2538185
2708,4.8594217,8.075998
2709,-3.85027,2.130621
2710,-3.8989522,1.8017809
2711,-5.437315,3.613762
2712,-3.9839191,2.2187445
2713,-4.9791775,6.71286
2714,-3.9387949,1.8881985
2715,-4.996696,4.0271297
2716,4.9806604,8.140812
2717,5.2374454,7.8142834
2718,-4.680811,3.6229439
2719,-4.072035,2.7935739
2720,5.191566,8.299713
2721,-3.484812,1.7241848
2722,-4.1345544,3.1211262
2723,-5.422208,4.802777
2724,4.908027,8.100457
2725,3.8924475,8.147137
2726,-4.5058866,3.46979
2727,4.720369,7.9525166
2728,5.0535474,8.403715
2729,-5.1913366,3.5801618
2730,5.0402136,8.513467
2731,-4.437459,2.1875722
2732,-3.979318,2.4504623
2733,-3.6988144,2.6558867
2734,6.743437,8.127024
2735,-3.9057236,2.3123462
2736,-4.566864,4.083144
2737,5.3204603,8.40384
2738,-2.8810074,3.095913
2739,6.6177983,7.911656
2740,-4.581131,4.0110087
2741,-3.7581973,2.2632937
2742,-3.219435,2.950137
2743,4.6057916,8.294369
2744,6.6275415,8.449466
2745,4.000796,8.206326
2746,3.8315964,8.539665
2747,-4.980649,2.8282034
2748,5.0123296,8.297143
2749,3.96423,8.574228
2750,3.8138356,8.441829
2751,4.3057523,8.36074
2752,-4.290803,2.880623
2753,-3.5395565,2.1557186
2754,5.401618,8.270331
2755,5.2753353,8.312617
2756,-4.0193467,2.4655168
2757,4.674624,8.335606
2758,4.2951736,8.24081
2759,-4.8140206,3.2000632
2760,-4.8838673,3.6677623
2761,4.4330096,8.210048
2762,4.738524,8.377134
2763,-3.6420093,2.0630424
2764,-3.8338342,2.136659
2765,5.0411267,8.483301
2766,-3.7220678,1.9102558
2767,-3.4524453,2.183185
2768,4.4192014,8.243338
2769,-4.640345,4.722231
2770,-4.1312113,2.9005811
2771,-4.6100106,3.6749203
2772,-4.662094,3.6953967
2773,-2.8860621,3.023311
2774,-3.7789273,2.6334734
2775,4.640249,8.512852
2776,4.741038,8.600001
2777,-4.0731487,2.3088768
2778,4.8082643,8.485181
2779,5.264423,8.591896
2780,-3.3683352,2.643435
2781,-3.58815,2.2583764
2782,3.911462,8.693449
2783,-4.257232,3.763948
2784,-5.080623,4.998587
2785,-3.746944,2.800519
2786,4.88267,8.360012
2787,-3.9455774,1.7398112
2788,-5.2335134,3.5985677
2789,-3.6346614,2.0294156
2790,4.299581,8.63595
2791,3.8804603,8.501662
2792,6.4568577,8.194091
2793,-3.5917878,1.9548309
2794,-4.1066546,2.8433306
2795,-3.4671545,2.2737153
2796,4.667808,8.522297
2797,-3.2387364,2.71236
2798,5.1669526,8.39583
2799,-3.9943602,2.882756
2800,-2.938446,2.9396262
2801,-4.590289,3.265511
2802,6.537556,8.065826
2803,-3.2143164,3.097218
2804,-3.305274,2.9189672
2805,-3.0878155,2.9057949
2806,4.420703,8.59828
2807,-4.6956024,4.1467533
2808,-7.7330904,6.5044127
2809,-3.3830056,5.9071126
2810,-7.53527,6.5831037
2811,-7.1912994,5.2297482
2812,16.214914,7.96072
2813,-7.976879,7.1183243
2814,-7.741083,6.035181
2815,-7.433813,5.795896
2816,-6.8515077,6.297319
2817,-7.6201873,5.3800373
2818,-7.3947573,5.2733054
2819,-7.5771565,5.7641387
2820,-7.722989,6.8925557
2821,-7.583531,6.566318
2822,-7.0437346,5.4827867
2823,-7.630249,5.6145473
2824,-7.6996555,5.759437
2825,-7.258567,6.0457115
2826,-7.5565457,5.2700043
2827,16.31757,8.508789
2828,15.469237,8.290635
2829,16.514805,7.077007
2830,16.660702,6.3555236
2831,16.269825,7.760661
2832,-7.172684,5.0899043
2833,16.315538,7.57777
2834,-7.4366674,5.3680563
2835,-7.194783,5.2372675
2836,-7.631449,6.6681747
2837,-7.1165633,6.654247
2838,-7.682942,5.5455313
2839,-7.230042,6.5451097
2840,-7.1404204,6.164153
2841,-7.1522393,5.5663457
2842,-6.8841176,5.2450995
2843,-7.3736715,6.74249
2844,-7.2385902,5.895393
2845,-6.6675034,7.0154724
2846,-4.400162,7.6879015
2847,16.428722,7.4021325
2848,-2.8103485,8.565354
2849,-7.6094093,5.9182863
2850,-7.295515,4.9123673
2851,-6.2564616,5.55556
2852,16.597618,5.774428
2853,-6.9140334,5.829166
2854,16.281525,7.387822
2855,-2.9548488,8.526714
2856,-6.2828846,5.651855
2857,-6.933737,6.4500484
2858,-6.785074,5.618695
2859,-6.4610295,6.328819
2860,-6.82164,5.170839
2861,-5.462916,7.2770004
2862,-6.1805105,5.8952265
2863,16.394339,7.239356
2864,16.51675,6.9244804
2865,-6.998781,6.5893307
2866,16.395302,7.4266715
2867,-2.6113937,8.678708
2868,-7.1575685,3.9347916
2869,16.480247,6.780258
2870,-6.8601537,5.447525
2871,-3.3417199,8.129612
2872,-6.6081243,6.889952
2873,-6.0902343,5.6653557
2874,16.594007,5.8136616
2875,-6.5149097,5.4722667
2876,16.19584,6.6928263
2877,16.792444,5.9741783
2878,-2.9232905,6.7542567
2879,16.17612,7.2931304
2880,16.549116,6.1899056
2881,16.323435,7.050685
2882,-5.9081016,5.4627795
2883,-3.7587552,7.9038663
2884,16.784065,6.3246946
2885,15.88271,7.1965766
2886,15.102313,5.358492
2887,-5.919969,6.013854
2888,16.117456,7.376833
2889,-6.197973,6.2355886
2890,16.365753,7.123955
2891,16.477726,5.5173054
2892,16.866182,6.2474113
2893,-6.680741,5.860773
2894,16.436842,6.702096
2895,-5.765359,6.246754
2896,16.960295,5.913592
2897,-5.8550744,7.316568
2898,-5.710056,6.159504
2899,-3.82283,7.962375
2900,-6.2395034,6.9474463
2901,16.514427,5.894447
2902,16.209978,6.0241475
2903,16.554415,5.4632416
2904,-5.0096536,5.8616533
2905,15.813876,7.27605
2906,16.207878,6.1574545
2907,16.8718,5.614483
2908,-6.4647555,6.860807
2909,-4.144742,6.1195345
2910,-6.2742286,5.7397623
2911,16.17416,5.565425
2912,-2.6458085,8.717421
2913,16.45106,5.516116
2914,16.717356,5.7213244
2915,16.127022,5.8966565
2916,-6.070106,7.3707237
2917,16.67884,6.07823
2918,16.218584,4.9567842
2919,16.842432,6.0357566
2920,-5.181877,6.572718
2921,-3.987503,7.4219894
2922,-6.0277414,6.427292
2923,16.9329,5.362177
2924,16.31903,5.2408543
2925,16.771364,5.87865
2926,-3.0840948,6.9408164
2927,17.499985,6.057679
2928,16.2264,5.1217375
2929,16.401747,6.829762
2930,16.316404,5.076082
2931,16.533136,4.8681574
2932,15.7997265,6.23722
2933,16.68695,5.8315334
2934,-5.608529,6.143135
2935,17.051989,5.3372025
2936,17.325987,5.687876
2937,-4.9466386,5.8468895
2938,15.364494,6.3992887
2939,16.492922,5.4057255
2940,14.927659,7.071502
2941,16.122913,6.72035
2942,16.99985,5.40208
2943,16.712088,5.167907
2944,-5.235789,7.0140996
2945,17.021627,5.333402
2946,-5.428212,6.624933
2947,-3.6246579,6.680095
2948,-5.1699047,6.6263814
2949,15.554529,6.300775
2950,-2.7771583,8.746508
2951,15.737159,4.9243393
2952,16.958672,6.0050535
2953,16.807304,5.293584
2954,-2.9943807,7.1249013
2955,-5.3559237,5.6400814
2956,-5.4338965,7.7171955
2957,16.281849,6.122651
2958,16.838242,5.369005
2959,17.029745,5.8408985
2960,-3.8983223,6.5529294
2961,-5.0561485,6.102737
2962,-3.5739534,6.4008656
2963,16.783672,5.4226627
2964,-2.749587,8.764983
2965,-5.264559,6.6128397
2966,16.633587,5.5376067
2967,16.621538,5.509067
2968,15.628908,6.0102515
2969,15.040726,6.321195
2970,-4.395836,7.3564134
2971,16.539341,4.9368978
2972,-4.822121,6.7247386
2973,16.15673,5.2532277
2974,-2.8020818,8.67059
2975,16.665623,5.000087
2976,17.233715,5.3275294
2977,-4.2641535,7.1042666
2978,-2.5377088,8.876409
2979,16.625116,5.13999
2980,-4.1580443,7.996433
2981,16.139053,5.166447
2982,-4.9089184,6.561092
2983,-4.230865,6.3031945
2984,-4.753899,7.4568763
2985,16.508497,5.2192516
2986,-2.5937772,8.872009
2987,-2.4891174,8.727873
2988,-4.70286,7.407396
2989,-5.004952,7.437187
2990,16.210539,5.4444356
2991,-5.08724,6.1674724
2992,16.962505,5.1925874
2993,17.143038,5.111738
2994,16.030241,5.695911
2995,15.77816,4.939118
2996,15.68529,5.7228274
2997,16.074833,4.7691774
2998,-4.665879,5.671823
2999,-2.6040113,8.804519
3000,15.868957,6.188516
3001,-4.960176,8.187951
3002,-3.6130104,7.165165
3003,16.449474,6.1141543
3004,-5.0684605,7.371873
3005,-4.912004,6.9262586
3006,-4.5378942,5.8248496
3007,-4.664443,6.241912
3008,-4.8669276,5.943342
3009,16.000822,5.160672
3010,15.809867,4.990151
3011,16.636621,5.539886
3012,17.112375,5.549148
3013,16.863781,4.9545345
3014,16.714485,4.790602
3015,-2.6287575,8.793172
3016,17.127562,5.2472544
3017,-4.313988,8.057169
3018,-4.773922,7.5701303
3019,15.745407,5.54691
3020,16.01389,6.8599725
3021,16.116259,5.5028796
3022,17.104513,4.993944
3023,-4.4633756,6.5211096
3024,17.069038,5.1376157
3025,16.857048,4.859966
3026,-2.6586168,8.860305
3027,16.769535,5.851357
3028,16.298456,5.080735
3029,-4.7830324,6.4758925
3030,-3.754625,6.726844
3031,-4.671256,5.944981
3032,16.154222,5.118927
3033,-4.6074953,6.413804
3034,-4.9133735,5.9164786
3035,16.31725,5.445311
3036,-4.943668,6.281108
3037,15.880017,4.909059
3038,-4.219369,7.6282797
3039,16.092052,4.8532467
3040,16.198795,5.3956556
3041,16.997686,4.791445
3042,-4.731781,5.823205
3043,15.633236,5.792545
3044,15.91432,4.7437143
3045,15.688367,6.025831
3046,-5.1285715,7.047034
3047,16.659847,4.954697
3048,15.641124,4.8813
3049,16.314919,5.3346324
3050,16.76539,4.8237677
3051,-4.7595563,7.93914
3052,16.522688,4.79453
3053,16.238855,4.772134
3054,16.824356,5.053895
3055,16.73114,5.2716293
3056,-4.874084,5.649506
3057,-4.479088,7.0713863
3058,-4.8472652,7.3625317
3059,-4.7922425,7.454735
3060,-2.63544,8.93645
3061,-4.5685153,7.5971565
3062,-4.489752,7.0786915
3063,17.248503,5.5666966
3064,-4.6676903,6.182093
3065,-5.0845084,7.101326
3066,-4.4022446,6.6137824
3067,-4.8204355,6.2649302
3068,-4.702903,8.450729
3069,-5.116567,6.814638
3070,-7.7709427,6.5029564
3071,5.12236,4.08977
3072,-7.619003,6.4795766
3073,15.804703,8.758292
3074,-7.3369837,6.5704765
3075,15.964895,9.358794
3076,15.866881,9.04378
3077,15.749722,8.745569
3078,-7.29961,5.3438983
3079,15.823109,8.369396
3080,-7.6100097,6.4743295
3081,-7.323159,5.4173455
3082,-7.6157002,6.616732
3083,15.691987,7.6264753
3084,-2.9189632,5.8703203
3085,-7.433458,5.6006927
3086,15.10067,8.083307
3087,-2.7891762,6.01213
3088,15.834987,9.191769
3089,15.885996,9.13135
3090,15.845108,8.815795
3091,16.001474,9.101895
3092,-7.426363,6.556459
3093,-7.08235,5.4641156
3094,15.898686,9.001289
3095,-7.766896,6.8336344
3096,-3.014858,5.856173
3097,-7.062144,5.706038
3098,15.850887,8.920271
3099,14.735919,6.16257
3100,-7.969218,7.355423
3101,15.909407,8.571924
3102,-7.3967905,6.2443814
3103,-3.459213,8.158622
3104,15.499662,9.144148
3105,-7.1570473,5.234446
3106,15.671676,8.901395
3107,-2.926482,5.924079
3108,-6.9775214,5.41076
3109,15.758174,9.2577095
3110,-2.8009064,6.0018187
3111,15.529843,8.746014
3112,15.624736,8.617628
3113,9.074952,7.6750503
3114,15.835233,8.660706
3115,15.619746,9.610871
3116,15.452787,8.813746
3117,-3.181181,6.8516417
3118,-3.4630923,5.8127937
3119,15.626546,8.09483
3120,-2.7107654,6.4399753
3121,-3.6428728,5.8483577
3122,-7.701282,6.721005
3123,15.689053,9.458465
3124,-7.316558,5.263672
3125,-6.7350965,5.413837
3126,15.688484,8.931885
3127,-7.303435,6.4370837
3128,15.813181,9.406261
3129,-7.672346,7.1129436
3130,15.576368,7.4941926
3131,15.687959,8.405128
3132,-6.545769,5.6052036
3133,-2.8256094,5.973336
3134,15.142604,7.8699036
3135,15.675619,8.293595
3136,15.50168,7.7564397
3137,15.36308,9.26357
3138,-7.0932093,6.900636
3139,15.116371,6.663961
3140,16.023607,9.9968
3141,-6.705233,5.7148337
3142,15.748295,9.803241
3143,15.782031,9.236727
3144,15.699372,9.702792
3145,-3.0963094,5.845026
3146,15.273233,7.5139356
3147,15.22532,8.661323
3148,15.760981,7.81796
3149,-2.6804073,6.3207903
3150,15.398729,7.1909986
3151,15.8840685,9.9095955
3152,-2.7091286,6.0167
3153,15.465288,8.837425
3154,-3.9502015,5.9149694
3155,15.751106,9.1021185
3156,-7.3725166,7.365172
3157,15.2093115,8.935756
3158,14.46464,5.5584774
3159,15.140647,8.508928
3160,-2.7213764,6.0409875
3161,15.218115,8.497943
3162,-5.5990953,6.9467583
3163,15.363835,8.601178
3164,15.270764,7.3585567
3165,-5.932101,5.9924026
3166,15.41184,7.659759
3167,15.663491,7.4492164
3168,-3.3700159,6.0313683
3169,15.464814,8.199259
3170,14.705129,5.4062147
3171,-5.5491133,5.671906
3172,-6.3322225,7.1183763
3173,15.480841,7.4534397
3174,15.187067,6.810176
3175,14.808691,6.112148
3176,15.11896,8.863272
3177,15.4480295,7.3149605
3178,-6.8663216,6.0941424
3179,15.722057,7.8571267
3180,15.084431,6.6818657
3181,15.155128,7.767484
3182,15.12313,7.8448324
3183,-5.693175,5.733224
3184,-2.7871215,6.233985
3185,15.581458,7.0705323
3186,15.452314,9.625796
3187,-5.5619707,5.6646233
3188,15.27939,7.2569513
3189,-6.175084,6.082884
3190,14.951464,8.198975
3191,-3.0014603,6.334623
3192,14.296371,5.4660635
3193,15.240883,8.482451
3194,15.128585,6.0810137
3195,15.360937,7.671549
3196,15.00163,8.617859
3197,-7.8869433,9.247839
3198,-6.00307,7.215584
3199,-7.349944,7.0939717
3200,15.580414,7.5556746
3201,15.058649,7.574425
3202,15.7433605,7.509388
3203,-2.677183,6.4372187
3204,15.444077,7.7730775
3205,15.371658,8.132397
3206,15.76663,7.260878
3207,-2.813725,6.4422913
3208,15.713993,7.070196
3209,15.463894,7.175626
3210,15.152424,8.782323
3211,-4.7276654,6.228557
3212,-3.3703678,8.287267
3213,15.279709,6.779988
3214,-3.2124405,8.162364
3215,15.062509,8.48121
3216,15.171356,7.592669
3217,15.187833,9.064138
3218,15.589165,7.0514693
3219,15.5373955,7.0174823
3220,15.297699,7.2830405
3221,14.872334,5.1385136
3222,14.933105,6.0592804
3223,-4.48673,7.122078
3224,-4.5729737,5.8874106
3225,-6.7193265,5.657047
3226,15.006646,6.620059
3227,15.323753,7.633313
3228,15.554798,7.3517137
3229,15.140502,9.228116
3230,14.967963,8.3645525
3231,-5.3072643,7.3889093
3232,15.02625,7.446902
3233,14.791189,7.6668386
3234,15.249432,9.256386
3235,14.824142,8.856961
3236,15.638497,7.6524024
3237,15.120074,7.3970556
3238,15.080472,6.1060896
3239,15.458506,6.6424108
3240,15.111726,8.620176
3241,-2.8731158,6.4082627
3242,-3.7271402,7.526965
3243,15.524291,6.9621043
3244,15.520655,6.397386
3245,15.057271,7.1858816
3246,-6.566689,7.297208
3247,-3.104572,6.3531485
3248,-4.3936224,6.350709
3249,14.687652,8.708744
3250,14.421662,5.7679787
3251,15.082106,6.7789726
3252,15.272343,5.580686
3253,-4.951534,6.1113825
3254,-4.967305,5.877729
3255,14.747435,7.52633
3256,15.417831,7.564516
3257,15.083462,6.973204
3258,15.066989,7.122842
3259,14.76642,8.274889
3260,8.613407,7.885294
3261,14.8886595,8.903164
3262,15.559399,6.3777223
3263,15.005024,6.933255
3264,14.14851,5.3520775
3265,-5.417296,7.1799483
3266,-5.6186094,6.1803374
3267,14.574757,7.944594
3268,15.269082,6.257238
3269,-5.526839,5.684225
3270,14.608998,8.532488
3271,14.624,7.685006
3272,14.436162,6.339993
3273,14.349304,5.18731
3274,14.639639,5.010508
3275,14.683315,6.680625
3276,-3.4001348,6.3377085
3277,15.724988,8.621474
3278,15.1055355,6.113806
3279,-3.2561972,6.7149096
3280,14.748842,5.479805
3281,-5.2028637,6.3664575
3282,15.537074,6.6555443
3283,15.786897,7.051567
3284,-3.063109,6.592098
3285,14.846513,7.1038933
3286,14.999865,8.467816
3287,14.4630375,6.5537853
3288,14.456539,7.2200623
3289,14.338698,7.6574497
3290,14.687941,6.2699623
3291,14.619872,6.151259
3292,15.049045,7.366244
3293,15.480089,5.597695
3294,14.3388405,7.0164175
3295,15.236272,7.4099884
3296,-2.962674,6.3827047
3297,14.427918,6.514227
3298,-3.2601993,6.828877
3299,14.40938,8.094918
3300,15.036955,7.0430565
3301,14.266794,6.856564
3302,-3.7686052,6.4051037
3303,-3.2497585,7.15873
3304,-5.6288457,7.194727
3305,14.875054,5.4249067
3306,14.727144,7.1765985
3307,14.856921,6.536283
3308,14.999851,7.0425262
3309,-5.146044,7.740748
3310,-3.7693763,6.9310966
3311,-5.218606,7.1314435
3312,14.373871,6.6865864
3313,14.665391,7.2994742
3314,14.518047,8.144599
3315,14.412071,5.2334824
3316,14.768662,6.3108687
3317,14.542363,7.174909
3318,-4.868105,5.850337
3319,15.262488,6.1769905
3320,14.606557,6.695087
3321,15.317465,6.789365
3322,-4.5019794,7.186856
3323,15.058883,5.723206
3324,15.678091,6.9996915
3325,20.51075,9.243113
3326,-3.0685189,7.187389
3327,14.255256,6.5337877
3328,14.383298,5.198374
3329,-6.4437704,5.9113526
3330,14.5289345,8.593838
3331,15.059285,9.043819
3332,-4.622072,6.40198
3333,14.257012,6.0062685
3334,15.017674,6.9965544
3335,-5.318677,5.6025605
3336,15.949514,6.316356
3337,-3.5301776,6.404816
3338,-2.6296365,6.799859
3339,14.469457,8.639863
3340,14.248423,5.215442
3341,14.7734995,6.9316278
3342,-2.8790407,6.850677
3343,-5.3988924,8.447296
3344,14.378744,7.6526484
3345,14.732909,6.869611
3346,-4.495024,5.889358
3347,-3.204833,6.7960253
3348,14.971854,6.6743646
3349,14.781586,8.78688
3350,15.95859,5.0935664
3351,14.562564,5.176111
3352,-2.9007854,7.190793
3353,-3.87749,7.1722927
3354,-5.2250876,7.2236757
3355,-5.1901035,7.1903415
3356,-5.122038,7.2296786
3357,-5.744017,7.2105904
3358,14.659259,7.2292905
3359,-5.086559,7.0040627
3360,-4.6300626,7.8398604
3361,15.079453,5.281417
3362,15.069658,6.230627
3363,14.888055,5.197459
3364,14.417664,6.2172337
3365,15.347314,6.511653
3366,-3.4113185,7.2802377
3367,-4.8771186,7.012418
3368,15.364917,6.0131965
3369,-6.3178034,7.615479
3370,-4.51306,6.0516076
3371,13.891757,7.39207
3372,-2.6221864,6.534499
3373,-4.1453366,6.4565797
3374,14.424262,5.702859
3375,14.483774,6.2310047
3376,-4.1770625,7.5260615
3377,14.904236,5.886092
3378,14.6949,4.9847274
3379,14.452935,7.2374225
3380,-3.6458979,7.4519744
3381,14.288969,6.2502484
3382,14.416928,8.1692915
3383,-5.4466457,6.537213
3384,-3.004031,8.727021
3385,14.001077,7.4654894
3386,14.66465,7.3901043
3387,14.3560295,6.4316726
3388,14.714736,6.6429267
3389,14.458657,5.6522813
3390,14.209132,5.198403
3391,-3.4034126,7.019478
3392,14.284578,5.00542
3393,14.953214,4.901892
3394,15.151125,5.1166763
3395,-3.7009387,7.0888004
3396,14.279916,8.022654
3397,14.364014,5.191069
3398,-4.584296,5.99844
3399,-4.0997276,7.466043
3400,15.085818,4.972664
3401,-4.83052,7.5190115
3402,-3.418014,6.654858
3403,-3.2390442,6.879568
3404,-3.69697,7.335945
3405,-2.7895517,7.075424
3406,14.903689,4.776871
3407,14.1616335,7.729813
3408,-2.827978,6.886492
3409,-4.547293,6.069055
3410,15.601102,6.189294
3411,14.796039,4.8541694
3412,15.29968,5.363249
3413,15.422074,5.779551
3414,14.131872,6.470962
3415,14.106031,6.498225
3416,-5.0269427,5.560688
3417,14.627744,6.0167847
3418,15.281547,5.6761293
3419,15.158061,5.327135
3420,-4.689999,5.729101
3421,14.475991,7.0836296
3422,14.970263,4.9244385
3423,-3.5446274,6.862351
3424,-4.3867545,7.555309
3425,14.112184,8.069632
3426,-6.637243,9.5511265
3427,-5.279292,8.180751
3428,14.241311,7.3564754
3429,13.920645,7.3813334
3430,13.942279,7.3968368
3431,14.097242,6.6066723
3432,-4.119127,8.30227
3433,15.487507,5.8614507
3434,13.981772,7.494119
3435,14.029005,6.963216
3436,-2.5865748,6.7449574
3437,-2.8655152,7.2527566
3438,15.435327,6.2112427
3439,-4.863622,6.2618203
3440,15.136612,6.5571566
3441,-6.7167206,9.485712
3442,14.00012,7.249608
3443,-6.135089,9.439937
3444,15.381781,5.8063693
3445,17.075756,5.1209016
3446,-3.2564101,7.2533493
3447,14.12646,6.783312
3448,-4.338723,5.956333
3449,13.9438305,6.531017
3450,14.39646,5.5100174
3451,-2.7142622,6.92916
3452,14.120781,6.5294676
3453,14.316671,6.2685094
3454,14.434749,5.0745335
3455,-4.831259,7.8103623
3456,14.035457,7.3752093
3457,-2.8969123,7.1474113
3458,-4.3260207,6.094887
3459,14.263075,8.102788
3460,15.362621,4.898019
3461,14.299693,7.1138964
3462,-3.2922688,6.985163
3463,-2.6296709,6.979505
3464,-4.1886926,6.2112803
3465,-4.4346805,7.644906
3466,15.786853,5.3221207
3467,-3.5649118,6.842904
3468,14.219041,6.3205347
3469,-3.067521,6.934099
3470,-3.4070442,7.476882
3471,14.584857,5.840197
3472,-5.5531673,8.521211
3473,-3.479775,7.2077923
3474,14.1891365,6.916341
3475,-2.847727,6.715889
3476,-5.3626733,6.160528
3477,14.4055805,7.0379024
3478,-3.2660992,7.4245706
3479,-4.506704,7.244592
3480,-2.7938263,7.1909447
3481,15.049507,6.03326
3482,14.734464,4.989088
3483,14.360341,6.384683
3484,-4.7953305,7.4616923
3485,15.220347,5.036593
3486,14.225666,5.7137156
3487,14.022041,6.7102942
3488,-4.615778,7.6796694
3489,-4.167607,8.410764
3490,14.228477,5.121169
3491,-3.9749317,7.3850126
3492,-4.686133,7.9981775
3493,-2.878599,7.049981
3494,-4.1773148,7.8203936
3495,-3.305769,7.2902627
3496,20.143877,8.1330385
3497,14.087566,7.207562
3498,-4.7952642,7.7340674
3499,-4.5647445,5.9555736
3500,15.114623,4.8525977
3501,-4.2121115,6.8762565
3502,-4.4893403,6.8189893
3503,15.231096,5.4455853
3504,-5.1276712,6.0971932
3505,-4.427058,7.447051
3506,15.783936,5.392703
3507,-5.271714,7.224783
3508,14.194449,5.314931
3509,14.790928,5.062809
3510,14.591185,6.173517
3511,13.846922,7.1689005
3512,-2.8901987,7.2477646
3513,13.954408,6.8100376
3514,-3.164753,7.5468035
3515,15.348359,5.0556717
3516,-2.8134723,6.9008846
3517,14.0575,6.731717
3518,13.873972,6.7961874
3519,14.334995,7.465131
3520,15.422861,4.967513
3521,14.814244,6.2019806
3522,14.577023,4.788212
3523,15.537343,5.1735654
3524,13.702428,6.858307
3525,13.878412,6.884424
3526,14.570482,7.0568542
3527,15.696181,5.0784717
3528,14.299755,6.920233
3529,-4.150626,6.9422445
3530,-4.5588026,7.752937
3531,15.901139,5.400973
3532,14.75785,6.3448353
3533,13.720201,7.0470366
3534,-4.2070217,8.061082
3535,-3.6206849,7.7393575
3536,20.661346,7.7070575
3537,14.390925,7.032018
3538,-3.9652338,6.8300977
3539,-4.227177,6.844304
3540,-4.558651,6.6703215
3541,-4.196321,6.35544
3542,15.5281,5.8723574
3543,15.088673,5.771794
3544,14.111602,7.1354585
3545,14.466345,6.9079423
3546,-4.9629946,6.742154
3547,-5.3455906,8.039487
3548,-4.2300863,5.9660535
3549,-4.2401595,6.9964714
3550,14.068783,7.196277
3551,-4.3465543,6.453041
3552,-3.7465718,6.633618
3553,13.933176,7.0170903
3554,-4.0269885,7.7809896
3555,-5.206448,7.5968328
3556,14.280143,7.3558116
3557,-5.0973415,6.7772384
3558,14.156714,6.3531137
3559,-4.1229434,7.131824
3560,-4.3509383,5.9872174
3561,-3.9156966,7.3428793
3562,-4.863689,7.4273896
3563,14.585387,6.507957
3564,-4.7558613,7.0042405
3565,-4.4750624,8.107243
3566,8.024397,8.3988495
